Date,인바디,펠로톤,플래닛피트니스,노틸러스,룰루레몬,나이키,언더아머,브랜드엑스코퍼레이션,푸드나무
2018-01-02,40100.0,,32.96,13.35,79.69,63.49,15.03,,
2018-01-03,38750.0,,32.9,13.3,78.59,63.48,15.72,,
2018-01-04,37450.0,,32.51,12.95,79.85,63.44,15.92,,
2018-01-05,38200.0,,33.7,13.15,79.43,63.98,15.87,,
2018-01-08,39950.0,,33.49,12.9,79.04,64.55,15.98,,
2018-01-09,39550.0,,33.09,12.7,79.51,64.09,15.11,,
2018-01-10,39350.0,,32.66,12.75,78.86,64.22,15.06,,
2018-01-11,40400.0,,33.52,13.05,78.99,64.29,15.3,,
2018-01-12,40050.0,,32.37,13.25,78.84,64.67,15.12,,
2018-01-15,43100.0,,,,,,,,
2018-01-16,42400.0,,31.88,13.5,76.7,63.42,13.81,,
2018-01-17,42500.0,,32.57,13.3,77.92,63.81,13.83,,
2018-01-18,42500.0,,32.4,13.4,77.57,64.11,13.7,,
2018-01-19,41650.0,,33.07,13.6,79.34,67.21,14.21,,
2018-01-22,43100.0,,33.74,13.45,78.96,66.39,14.55,,
2018-01-23,43400.0,,34.1,13.6,79.7,67.14,14.99,,
2018-01-24,43600.0,,34.48,13.3,79.2,68.0,14.93,,
2018-01-25,44000.0,,34.64,13.0,78.62,67.71,14.57,,
2018-01-26,43950.0,,34.74,13.0,79.08,68.04,14.62,,
2018-01-29,42250.0,,34.42,12.95,79.96,67.58,14.53,,
2018-01-30,42100.0,,34.12,12.85,79.48,67.33,14.11,,
2018-01-31,42150.0,,33.76,12.85,78.21,68.22,13.86,,
2018-02-01,41700.0,,33.97,12.8,78.81,67.65,13.95,,
2018-02-02,40900.0,,33.91,12.3,78.62,67.22,13.65,,
2018-02-05,39450.0,,32.5,11.75,77.41,64.39,12.92,,
2018-02-06,40000.0,,31.83,11.9,78.62,65.22,13.1,,
2018-02-07,39250.0,,31.71,11.9,80.99,65.63,13.26,,
2018-02-08,40500.0,,29.44,12.0,76.67,62.49,13.14,,
2018-02-09,39100.0,,30.31,12.25,77.15,65.49,13.75,,
2018-02-12,39200.0,,31.31,12.0,76.8,65.98,14.23,,
2018-02-13,38200.0,,30.76,12.15,77.27,65.87,16.7,,
2018-02-14,38600.0,,31.69,12.05,81.22,67.96,17.76,,
2018-02-15,,,32.43,11.9,80.92,68.29,18.41,,
2018-02-16,,,32.38,11.9,81.4,68.3,17.36,,
2018-02-19,40400.0,,,,,,,,
2018-02-20,40050.0,,33.68,11.65,80.58,67.49,17.14,,
2018-02-21,40200.0,,33.68,11.9,81.16,67.05,17.03,,
2018-02-22,39250.0,,32.79,11.85,80.83,67.13,16.62,,
2018-02-23,41000.0,,36.78,11.95,81.86,68.16,17.02,,
2018-02-26,41900.0,,37.18,12.25,82.33,69.65,17.25,,
2018-02-27,41250.0,,36.96,11.85,80.46,68.03,16.75,,
2018-02-28,42300.0,,36.98,11.85,81.1,67.03,16.58,,
2018-03-01,,,37.35,11.95,81.04,66.32,16.14,,
2018-03-02,44950.0,,37.71,12.55,82.07,65.89,17.02,,
2018-03-05,45050.0,,38.18,12.6,81.13,65.05,17.42,,
2018-03-06,44850.0,,39.06,12.3,83.69,65.24,17.62,,
2018-03-07,45000.0,,39.23,13.0,81.32,64.17,17.38,,
2018-03-08,44500.0,,39.34,12.45,80.75,65.11,17.16,,
2018-03-09,45200.0,,39.51,12.6,81.0,66.3,17.05,,
2018-03-12,45600.0,,39.52,13.15,80.33,66.82,17.18,,
2018-03-13,46450.0,,39.35,13.0,79.8,66.17,16.56,,
2018-03-14,46000.0,,38.67,13.2,80.75,66.2,16.08,,
2018-03-15,46200.0,,38.66,13.15,79.61,66.39,15.9,,
2018-03-16,46600.0,,38.39,13.65,80.76,65.91,16.19,,
2018-03-19,45100.0,,38.24,13.05,80.28,65.71,16.15,,
2018-03-20,47850.0,,38.5,12.8,81.48,66.8,16.0,,
2018-03-21,48200.0,,38.61,12.7,80.7,66.35,15.95,,
2018-03-22,46250.0,,37.83,12.45,81.1,64.42,15.73,,
2018-03-23,46400.0,,37.72,12.3,79.51,64.63,15.78,,
2018-03-26,48900.0,,38.29,12.35,80.34,65.9,16.67,,
2018-03-27,48900.0,,37.5,12.9,78.71,66.17,16.44,,
2018-03-28,48450.0,,37.02,13.15,85.96,65.44,16.33,,
2018-03-29,50600.0,,37.77,13.45,89.12,66.44,16.35,,
2018-03-30,50400.0,,,,,,,,
2018-04-02,49350.0,,36.42,13.3,87.27,64.12,16.1,,
2018-04-03,49400.0,,36.73,13.5,88.67,66.7,16.82,,
2018-04-04,47550.0,,37.66,13.8,88.24,68.42,17.89,,
2018-04-05,48000.0,,38.91,13.9,91.27,69.59,17.47,,
2018-04-06,48050.0,,38.81,13.75,89.61,67.55,16.98,,
2018-04-09,48400.0,,38.42,13.7,89.64,67.18,16.64,,
2018-04-10,48850.0,,38.85,13.7,91.01,67.0,16.82,,
2018-04-11,47900.0,,38.61,13.65,91.08,66.83,16.74,,
2018-04-12,45850.0,,38.72,13.6,92.02,67.77,17.04,,
2018-04-13,46800.0,,38.56,13.65,91.71,67.25,16.49,,
2018-04-16,46150.0,,39.18,13.85,93.76,67.06,16.45,,
2018-04-17,46350.0,,40.47,14.0,94.6,67.51,16.35,,
2018-04-18,44950.0,,40.79,13.65,95.0,66.2,16.1,,
2018-04-19,45150.0,,40.73,13.45,95.29,65.73,16.08,,
2018-04-20,45700.0,,40.87,13.45,96.31,66.09,16.1,,
2018-04-23,45800.0,,40.55,15.0,96.64,66.88,16.73,,
2018-04-24,44300.0,,39.97,14.5,96.9,66.97,16.96,,
2018-04-25,44650.0,,39.99,14.65,97.85,66.67,16.44,,
2018-04-26,45600.0,,40.35,14.7,98.42,68.05,16.91,,
2018-04-27,45900.0,,40.5,14.6,99.17,69.56,17.83,,
2018-04-30,43050.0,,40.29,14.55,99.8,68.39,17.76,,
2018-05-01,,,40.37,14.85,99.7,68.1,18.03,,
2018-05-02,43600.0,,40.51,14.95,99.74,68.26,18.36,,
2018-05-03,42300.0,,40.98,14.85,99.86,66.9,17.37,,
2018-05-04,40500.0,,40.45,15.15,95.49,68.1,17.36,,
2018-05-07,,,41.45,15.5,97.17,69.34,17.87,,
2018-05-08,39350.0,,40.65,16.9,98.2,68.46,18.32,,
2018-05-09,40300.0,,38.69,16.5,98.96,67.95,18.29,,
2018-05-10,40350.0,,39.73,16.35,97.91,67.92,18.56,,
2018-05-11,40500.0,,40.49,16.2,98.54,68.43,18.76,,
2018-05-14,39300.0,,39.26,15.65,98.72,68.84,18.44,,
2018-05-15,39000.0,,40.1,15.6,98.95,69.5,18.88,,
2018-05-16,37200.0,,40.75,15.9,101.65,71.34,20.52,,
2018-05-17,34950.0,,40.9,15.7,102.0,70.94,20.38,,
2018-05-18,36150.0,,39.94,15.85,102.82,71.32,20.12,,
2018-05-21,35600.0,,40.27,15.4,103.74,71.38,20.11,,
2018-05-22,,,39.35,15.25,102.88,71.31,19.84,,
2018-05-23,35150.0,,38.92,15.45,105.27,71.34,20.07,,
2018-05-24,35200.0,,38.87,15.6,106.41,72.18,20.58,,
2018-05-25,34350.0,,38.86,15.5,106.18,72.25,20.85,,
2018-05-28,34800.0,,,,,,,,
2018-05-29,33800.0,,39.29,15.25,105.68,70.92,20.66,,
2018-05-30,33250.0,,39.75,15.2,105.63,72.23,21.4,,
2018-05-31,33100.0,,39.63,14.95,105.05,71.8,20.9,,
2018-06-01,33600.0,,39.96,15.1,122.19,72.76,21.36,,
2018-06-04,33100.0,,41.28,15.4,124.98,73.83,22.71,,
2018-06-05,33050.0,,42.14,15.7,124.05,74.05,23.53,,
2018-06-06,,,43.9,15.35,124.19,74.75,24.25,,
2018-06-07,33650.0,,42.83,15.25,122.7,74.76,23.57,,
2018-06-08,33300.0,,43.12,16.15,122.02,74.9,24.31,,
2018-06-11,33100.0,,43.39,16.6,122.37,74.59,24.1,,
2018-06-12,33400.0,,43.37,16.5,124.96,74.29,24.0,,
2018-06-13,,,43.98,16.25,125.13,74.11,23.62,,
2018-06-14,32400.0,,45.35,16.25,125.88,74.7,23.47,,
2018-06-15,32200.0,,45.21,16.3,128.37,75.84,23.21,,
2018-06-18,31900.0,,45.62,16.5,129.69,75.61,23.31,,
2018-06-19,30550.0,,45.16,16.4,128.1,74.26,22.62,,
2018-06-20,34100.0,,46.69,16.3,128.27,74.72,23.11,,
2018-06-21,32200.0,,45.2,16.2,127.71,73.94,22.76,,
2018-06-22,32450.0,,45.24,16.15,124.18,73.43,22.38,,
2018-06-25,32100.0,,44.05,15.85,124.86,72.35,22.31,,
2018-06-26,34100.0,,44.29,15.9,126.79,72.56,22.6,,
2018-06-27,33200.0,,43.08,15.85,123.88,71.35,22.81,,
2018-06-28,32350.0,,43.44,15.95,124.94,71.7,23.41,,
2018-06-29,32050.0,,43.94,15.7,124.85,79.68,22.48,,
2018-07-02,30100.0,,44.5,15.8,125.48,78.35,22.52,,
2018-07-03,29900.0,,44.97,15.3,125.23,76.28,22.52,,
2018-07-04,29800.0,,,,,,,,
2018-07-05,28900.0,,45.35,15.45,124.52,76.55,22.07,,
2018-07-06,29350.0,,45.9,15.45,128.54,76.48,22.26,,
2018-07-09,29200.0,,45.7,15.35,126.53,77.28,22.28,,
2018-07-10,28850.0,,44.99,15.0,127.38,77.57,22.57,,
2018-07-11,28850.0,,45.19,14.6,125.66,77.36,22.19,,
2018-07-12,28450.0,,47.5,14.05,125.72,77.37,21.91,,
2018-07-13,28850.0,,48.71,14.65,125.45,77.38,21.49,,
2018-07-16,28200.0,,48.78,14.3,127.26,77.75,21.56,,
2018-07-17,27300.0,,49.16,14.5,129.45,77.47,21.51,,
2018-07-18,26450.0,,49.04,14.4,128.81,76.59,21.81,,
2018-07-19,26250.0,,48.76,14.4,127.79,76.95,22.1,,
2018-07-20,26450.0,,49.87,14.6,126.45,76.96,21.61,,
2018-07-23,25200.0,,49.92,14.4,125.37,76.59,21.39,,
2018-07-24,25450.0,,49.73,14.3,122.98,75.53,20.61,,
2018-07-25,24650.0,,50.4,14.0,125.03,77.16,21.08,,
2018-07-26,25300.0,,50.03,14.25,124.49,78.15,22.04,,
2018-07-27,25950.0,,48.79,13.95,120.0,76.89,20.6,,
2018-07-30,25250.0,,48.07,13.95,118.84,75.96,20.11,,
2018-07-31,25250.0,,47.52,14.25,119.95,76.91,19.97,,
2018-08-01,25750.0,,48.02,14.1,120.55,77.54,19.09,,
2018-08-02,24900.0,,48.11,13.9,124.39,78.65,19.61,,
2018-08-03,25250.0,,47.77,14.1,126.08,78.74,19.68,,
2018-08-06,24950.0,,48.51,13.95,126.31,79.51,19.71,,
2018-08-07,24900.0,,48.96,13.8,125.58,80.53,19.88,,
2018-08-08,24350.0,,48.28,13.75,127.18,80.5,20.25,,
2018-08-09,23350.0,,48.79,13.9,128.16,81.26,20.72,,
2018-08-10,24300.0,,51.94,13.9,130.52,80.73,20.63,,
2018-08-13,24300.0,,48.99,13.8,129.94,80.15,20.8,,
2018-08-14,25950.0,,52.68,13.95,129.47,80.14,21.52,,
2018-08-15,,,51.91,13.8,126.45,79.57,20.59,,
2018-08-16,26650.0,,51.61,14.2,129.47,80.05,20.92,,
2018-08-17,26850.0,,50.78,14.75,130.19,79.75,20.49,,
2018-08-20,26200.0,,50.43,14.8,136.67,82.18,21.21,,
2018-08-21,26800.0,,50.57,14.8,135.61,82.95,21.65,,
2018-08-22,26250.0,,50.25,14.7,135.48,82.64,21.64,,
2018-08-23,26550.0,,49.89,14.6,136.2,82.91,21.74,,
2018-08-24,26100.0,,50.73,15.35,138.76,82.45,21.5,,
2018-08-27,26450.0,,51.4,14.9,138.16,82.65,20.62,,
2018-08-28,25750.0,,52.07,14.9,138.68,82.58,20.94,,
2018-08-29,26250.0,,51.22,15.0,138.7,82.79,21.07,,
2018-08-30,28600.0,,50.86,14.7,137.0,81.4,20.67,,
2018-08-31,29350.0,,51.37,14.65,154.93,82.2,20.45,,
2018-09-03,28800.0,,,,,,,,
2018-09-04,28850.0,,51.38,14.3,157.29,79.6,20.75,,
2018-09-05,28250.0,,50.12,14.5,152.74,79.92,20.45,,
2018-09-06,27400.0,,49.81,14.2,151.0,80.4,20.41,,
2018-09-07,27850.0,,50.36,14.05,150.82,80.3,19.66,,
2018-09-10,26750.0,,50.75,14.0,154.11,82.1,20.08,,
2018-09-11,27200.0,,50.26,13.9,153.23,82.63,20.16,,
2018-09-12,27350.0,,50.62,14.05,153.01,83.0,20.08,,
2018-09-13,27650.0,,50.86,14.1,154.6,83.47,19.66,,
2018-09-14,29000.0,,51.64,14.35,153.71,83.49,18.96,,
2018-09-17,28500.0,,49.57,14.25,155.38,83.26,19.11,,
2018-09-18,29250.0,,50.02,14.4,158.44,85.26,18.96,,
2018-09-19,29050.0,,49.39,14.3,155.21,84.43,18.76,,
2018-09-20,28050.0,,49.85,14.25,155.97,85.37,20.0,,
2018-09-21,28750.0,,50.27,14.25,156.99,85.55,20.57,,
2018-09-24,,,50.15,14.0,157.34,84.27,20.69,,
2018-09-25,,,53.72,14.0,158.41,84.79,20.44,,
2018-09-26,,,54.16,14.2,158.96,83.7,21.1,,
2018-09-27,28950.0,,53.71,14.25,161.24,84.54,21.05,,
2018-09-28,28450.0,,54.03,13.95,162.49,84.72,21.22,,
2018-10-01,26800.0,,53.53,13.62,161.64,84.46,21.14,,
2018-10-02,25600.0,,51.47,13.71,160.2,82.77,20.21,,
2018-10-03,,,50.53,13.61,161.52,82.5,20.53,,
2018-10-04,26650.0,,50.98,13.5,157.04,80.18,19.88,,34000.0
2018-10-05,26250.0,,49.49,13.25,153.84,80.12,19.42,,32500.0
2018-10-08,26200.0,,48.41,13.32,150.78,80.23,19.35,,30400.0
2018-10-09,,,48.63,13.29,150.25,80.42,19.4,,
2018-10-10,25200.0,,46.45,13.13,140.68,74.94,18.26,,30800.0
2018-10-11,24700.0,,45.41,13.09,140.51,74.51,18.23,,28000.0
2018-10-12,24850.0,,46.42,12.89,143.71,75.91,18.67,,27800.0
2018-10-15,23300.0,,46.62,12.9,144.46,74.99,18.76,,27050.0
2018-10-16,23600.0,,49.45,13.21,146.83,77.48,19.56,,27400.0
2018-10-17,23900.0,,49.45,13.07,143.57,76.48,19.12,,28050.0
2018-10-18,23050.0,,47.95,12.93,142.68,75.6,18.62,,27250.0
2018-10-19,23600.0,,48.0,12.99,136.77,74.21,18.2,,26650.0
2018-10-22,23500.0,,48.14,12.95,139.95,74.9,18.58,,25650.0
2018-10-23,23300.0,,47.4,13.13,137.43,73.35,18.53,,24500.0
2018-10-24,23000.0,,45.44,12.85,134.29,72.12,18.23,,25150.0
2018-10-25,22500.0,,46.54,12.93,137.22,73.1,18.51,,23600.0
2018-10-26,21000.0,,46.73,12.67,134.82,72.07,17.98,,23000.0
2018-10-29,20450.0,,45.63,13.04,135.88,72.19,18.19,,22700.0
2018-10-30,20900.0,,47.62,11.57,142.13,74.51,23.23,,22700.0
2018-10-31,21050.0,,49.09,12.23,140.73,75.04,22.11,,24150.0
2018-11-01,21100.0,,49.14,12.48,144.17,76.79,23.34,,23500.0
2018-11-02,22550.0,,48.29,12.86,142.02,76.58,23.7,,24250.0
2018-11-05,22400.0,,47.1,12.94,142.2,77.53,23.99,,23400.0
2018-11-06,22300.0,,47.48,13.09,141.13,76.57,23.3,,23700.0
2018-11-07,21500.0,,55.57,12.85,143.23,77.97,22.88,,23000.0
2018-11-08,21600.0,,56.61,12.78,142.27,77.78,22.98,,25700.0
2018-11-09,21150.0,,54.99,12.85,137.56,76.36,22.75,,26700.0
2018-11-12,21000.0,,51.1,12.69,135.42,75.1,22.59,,25550.0
2018-11-13,20550.0,,52.09,12.87,138.7,75.2,22.79,,26350.0
2018-11-14,20900.0,,52.55,12.75,140.13,75.2,22.58,,25500.0
2018-11-15,21950.0,,53.76,12.93,139.83,74.33,22.39,,25400.0
2018-11-16,22700.0,,53.44,12.95,134.53,74.74,21.75,,24550.0
2018-11-19,22800.0,,50.67,12.87,126.99,72.52,21.14,,23650.0
2018-11-20,22150.0,,50.91,12.58,121.39,71.12,20.83,,23000.0
2018-11-21,21950.0,,52.35,13.23,123.88,72.37,21.5,,22150.0
2018-11-22,23100.0,,,,,,,,21950.0
2018-11-23,22850.0,,52.9,13.47,120.86,71.49,21.5,,20650.0
2018-11-26,23050.0,,54.37,13.65,123.76,72.71,22.22,,21300.0
2018-11-27,23050.0,,54.14,13.5,122.77,72.09,21.8,,24950.0
2018-11-28,22400.0,,56.75,13.41,128.99,74.66,23.01,,23700.0
2018-11-29,22450.0,,55.98,13.29,129.46,74.34,23.14,,23000.0
2018-11-30,22950.0,,55.22,12.91,132.55,75.12,23.88,,22350.0
2018-12-03,23200.0,,56.88,12.88,139.89,77.94,23.99,,23300.0
2018-12-04,23550.0,,55.63,12.36,133.62,75.79,23.34,,22600.0
2018-12-05,23000.0,,,,,,,,22300.0
2018-12-06,21800.0,,56.23,12.01,131.44,75.54,24.07,,21050.0
2018-12-07,22100.0,,53.46,12.03,113.87,73.34,23.45,,21250.0
2018-12-10,21350.0,,53.58,12.07,115.01,72.51,22.39,,20450.0
2018-12-11,21650.0,,53.47,12.01,116.85,73.57,22.12,,19850.0
2018-12-12,22100.0,,54.91,11.8,122.65,74.32,19.81,,19750.0
2018-12-13,21750.0,,54.46,11.55,120.2,72.93,18.77,,19550.0
2018-12-14,21200.0,,54.02,11.27,119.12,72.53,18.99,,19400.0
2018-12-17,21150.0,,53.31,11.06,118.87,69.9,18.4,,19000.0
2018-12-18,20850.0,,53.89,10.95,119.2,71.15,18.81,,19250.0
2018-12-19,21350.0,,53.53,10.68,115.71,68.97,18.1,,19450.0
2018-12-20,20800.0,,52.05,10.6,115.01,67.53,17.69,,20450.0
2018-12-21,20850.0,,50.64,10.27,113.74,72.37,16.96,,20450.0
2018-12-24,21150.0,,49.05,10.32,113.26,68.1,16.75,,20350.0
2018-12-26,21100.0,,51.7,10.48,122.66,73.01,17.82,,19300.0
2018-12-27,20850.0,,53.21,10.63,123.34,73.67,17.91,,20050.0
2018-12-28,21700.0,,52.58,11.08,121.4,73.34,17.52,,20200.0
2018-12-31,,,53.62,10.9,121.61,74.14,17.67,,
2019-01-02,21500.0,,53.58,11.19,123.35,74.06,17.81,,20050.0
2019-01-03,21000.0,,52.8,10.95,124.36,72.75,17.38,,20300.0
2019-01-04,21150.0,,54.92,11.11,128.55,74.65,18.13,,19900.0
2019-01-07,22100.0,,55.84,11.19,134.1,75.72,18.67,,20850.0
2019-01-08,21900.0,,57.62,11.19,135.86,76.73,18.87,,20600.0
2019-01-09,22400.0,,58.31,11.3,136.0,76.59,19.22,,20800.0
2019-01-10,22850.0,,58.63,11.1,131.61,76.42,19.2,,20900.0
2019-01-11,23050.0,,58.8,11.15,132.16,76.04,19.67,,20900.0
2019-01-14,22300.0,,57.22,11.02,139.73,76.09,19.71,,21400.0
2019-01-15,22500.0,,58.0,11.19,141.13,77.88,19.74,,22400.0
2019-01-16,22700.0,,57.9,11.59,142.24,77.68,19.61,,23150.0
2019-01-17,22750.0,,58.49,11.79,145.14,79.13,20.03,,22600.0
2019-01-18,22650.0,,58.5,7.02,152.07,80.45,20.49,,23050.0
2019-01-21,22450.0,,,,,,,,23950.0
2019-01-22,23350.0,,58.19,6.86,149.47,80.75,20.48,,24000.0
2019-01-23,23450.0,,57.8,7.32,149.85,80.5,20.28,,23700.0
2019-01-24,23450.0,,57.62,7.63,148.43,80.44,20.74,,24000.0
2019-01-25,23350.0,,57.57,7.64,151.89,80.61,21.44,,24000.0
2019-01-28,23050.0,,57.74,7.69,149.7,80.32,21.34,,23950.0
2019-01-29,23250.0,,57.58,7.57,148.95,80.22,20.89,,23500.0
2019-01-30,23150.0,,58.05,7.63,148.61,81.28,20.92,,23900.0
2019-01-31,23200.0,,57.92,7.51,147.81,81.88,20.74,,23900.0
2019-02-01,23000.0,,57.99,7.64,146.12,81.51,20.63,,23050.0
2019-02-04,,,58.15,7.62,146.64,81.99,20.7,,
2019-02-05,,,58.4,7.53,146.89,82.86,20.9,,
2019-02-06,,,57.92,7.5,145.76,82.71,20.72,,
2019-02-07,23050.0,,57.5,7.4,147.63,82.39,20.37,,23150.0
2019-02-08,22750.0,,57.36,7.42,148.62,82.36,20.75,,22550.0
2019-02-11,22450.0,,57.9,7.68,149.79,83.68,20.78,,22750.0
2019-02-12,22200.0,,58.86,7.81,157.32,84.71,22.21,,22350.0
2019-02-13,22600.0,,58.43,8.0,155.27,85.4,21.78,,22350.0
2019-02-14,23700.0,,58.64,7.76,154.85,84.68,21.83,,22200.0
2019-02-15,25050.0,,58.97,8.15,151.09,85.38,21.16,,21650.0
2019-02-18,25500.0,,,,,,,,22200.0
2019-02-19,25250.0,,58.57,8.09,147.57,84.57,21.36,,21800.0
2019-02-20,25400.0,,58.48,8.03,148.12,84.84,21.28,,23300.0
2019-02-21,25300.0,,58.25,8.15,148.11,83.95,21.42,,23700.0
2019-02-22,24700.0,,58.0,7.97,149.26,84.76,21.68,,24000.0
2019-02-25,24700.0,,56.72,8.0,148.54,85.17,21.8,,23950.0
2019-02-26,24850.0,,56.89,6.1,150.98,85.8,21.72,,23500.0
2019-02-27,24800.0,,58.45,6.49,150.56,86.17,22.52,,23050.0
2019-02-28,23700.0,,58.78,6.53,150.42,85.73,22.55,,22300.0
2019-03-01,,,61.17,6.62,151.38,87.16,22.86,,
2019-03-04,24550.0,,61.74,6.65,147.78,85.64,22.27,,22000.0
2019-03-05,24350.0,,63.62,6.4,148.9,85.44,22.31,,21700.0
2019-03-06,23000.0,,63.78,6.13,149.09,85.13,21.76,,22500.0
2019-03-07,22300.0,,63.89,6.01,147.7,85.26,21.65,,22250.0
2019-03-08,22500.0,,64.04,6.02,142.51,84.8,21.47,,21800.0
2019-03-11,21900.0,,65.73,6.18,145.29,85.82,22.03,,21800.0
2019-03-12,22150.0,,66.57,6.08,145.79,85.43,21.83,,23000.0
2019-03-13,22350.0,,67.06,5.93,145.41,85.93,22.08,,24350.0
2019-03-14,22550.0,,67.77,5.98,144.18,86.87,22.35,,23750.0
2019-03-15,22600.0,,67.3,6.15,141.79,86.8,22.21,,24450.0
2019-03-18,22850.0,,67.25,6.22,144.33,87.82,22.35,,24250.0
2019-03-19,22900.0,,68.07,6.08,144.99,87.69,22.15,,23750.0
2019-03-20,22500.0,,67.43,6.0,144.35,86.69,21.39,,24100.0
2019-03-21,22250.0,,67.65,5.78,148.91,88.01,21.7,,23550.0
2019-03-22,22650.0,,66.77,5.59,143.21,82.19,20.72,,23100.0
2019-03-25,22050.0,,67.4,5.72,146.58,82.33,20.87,,22500.0
2019-03-26,22150.0,,67.07,5.8,143.56,83.38,20.87,,24400.0
2019-03-27,22000.0,,67.09,5.7,146.8,83.09,20.99,,24200.0
2019-03-28,21400.0,,68.0,5.67,167.54,84.04,21.29,,24500.0
2019-03-29,21700.0,,68.72,5.56,163.87,84.21,21.14,,26000.0
2019-04-01,22200.0,,69.73,5.58,165.52,85.23,21.1,,26000.0
2019-04-02,22350.0,,70.58,5.58,165.47,84.37,21.33,,26300.0
2019-04-03,22400.0,,71.25,5.67,166.21,84.47,21.39,,25350.0
2019-04-04,22450.0,,70.75,5.83,171.37,85.28,22.01,,24700.0
2019-04-05,22550.0,,71.47,5.92,169.37,85.4,21.83,,26300.0
2019-04-08,22850.0,,70.64,5.82,169.77,84.73,21.74,,26250.0
2019-04-09,22500.0,,70.44,5.71,167.52,84.28,20.72,,27850.0
2019-04-10,22850.0,,70.76,5.76,167.46,84.88,21.36,,30000.0
2019-04-11,23050.0,,71.22,5.6,168.0,85.0,21.4,,28800.0
2019-04-12,21750.0,,71.5,5.61,169.88,86.24,21.86,,30900.0
2019-04-15,22050.0,,73.29,5.63,172.01,86.83,21.91,,30750.0
2019-04-16,22050.0,,73.55,5.64,169.33,87.8,21.8,,29600.0
2019-04-17,22750.0,,72.89,5.57,171.23,88.73,21.93,,31000.0
2019-04-18,22250.0,,73.41,5.44,173.31,89.2,22.16,,32300.0
2019-04-19,22600.0,,,,,,,,32100.0
2019-04-22,22750.0,,73.75,5.37,173.02,87.36,21.94,,30650.0
2019-04-23,22500.0,,73.11,5.54,176.78,87.43,22.38,,30150.0
2019-04-24,22400.0,,75.03,5.71,178.27,88.39,22.83,,29100.0
2019-04-25,22150.0,,75.45,5.45,177.29,87.56,22.47,,27000.0
2019-04-26,21850.0,,76.22,5.41,177.09,88.31,22.8,,27100.0
2019-04-29,22100.0,,76.07,5.32,177.5,88.26,22.86,,28350.0
2019-04-30,22100.0,,75.7,5.35,176.35,87.83,23.09,,27550.0
2019-05-01,,,75.38,5.26,175.67,85.9,22.04,,
2019-05-02,22750.0,,75.35,5.4,176.55,85.27,22.82,,27700.0
2019-05-03,22400.0,,72.67,5.32,178.64,85.7,22.74,,27050.0
2019-05-06,,,73.11,5.28,177.69,83.57,22.33,,
2019-05-07,22150.0,,74.19,4.25,173.98,82.54,21.88,,26550.0
2019-05-08,22100.0,,76.69,4.15,175.17,82.77,22.28,,26550.0
2019-05-09,21000.0,,78.17,4.2,173.71,82.98,22.12,,25200.0
2019-05-10,20350.0,,78.6,4.09,173.68,83.95,21.79,,26200.0
2019-05-13,22000.0,,75.58,4.0,167.57,82.53,20.95,,25050.0
2019-05-14,24000.0,,78.45,3.91,170.68,83.67,21.63,,25050.0
2019-05-15,24200.0,,78.76,3.61,172.88,84.01,21.36,,25600.0
2019-05-16,24400.0,,80.72,3.49,176.8,84.28,21.88,,25050.0
2019-05-17,22700.0,,80.02,3.45,173.0,84.57,23.58,,24850.0
2019-05-20,22050.0,,77.74,3.24,174.15,82.85,23.74,,21950.0
2019-05-21,23250.0,,76.5,3.17,176.53,83.64,23.87,,22500.0
2019-05-22,23800.0,,76.15,3.1,175.72,83.2,24.27,,23750.0
2019-05-23,24050.0,,74.41,2.94,170.2,82.64,23.46,,23050.0
2019-05-24,24100.0,,74.56,2.98,172.78,82.16,23.54,,22200.0
2019-05-27,23500.0,,,,,,,,21700.0
2019-05-28,23900.0,,75.49,2.92,173.55,81.2,23.53,,23400.0
2019-05-29,23250.0,,74.56,2.79,161.59,78.87,22.8,,22800.0
2019-05-30,23850.0,,75.56,2.78,163.85,79.26,22.95,,22300.0
2019-05-31,25750.0,,76.47,2.69,165.59,77.14,22.8,,23300.0
2019-06-03,27000.0,,76.39,2.62,163.87,77.96,23.57,,23200.0
2019-06-04,27000.0,,77.51,2.77,169.0,81.62,24.7,,22950.0
2019-06-05,26500.0,,77.84,2.71,173.52,82.72,25.76,,23550.0
2019-06-06,,,78.91,2.51,170.38,82.45,25.68,,
2019-06-07,27600.0,,77.96,2.49,172.49,83.41,25.9,,23500.0
2019-06-10,27650.0,,78.29,2.5,171.35,82.58,25.78,,23100.0
2019-06-11,27600.0,,76.6,2.46,171.63,83.26,26.18,,23200.0
2019-06-12,27000.0,,78.66,2.42,170.89,82.63,25.98,,22800.0
2019-06-13,26950.0,,79.57,2.44,174.52,83.61,26.6,,23000.0
2019-06-14,26700.0,,80.76,2.32,176.71,83.44,27.07,,22350.0
2019-06-17,26850.0,,80.9,2.42,183.34,82.11,26.69,,23800.0
2019-06-18,25900.0,,80.22,2.44,188.03,84.3,27.27,,24400.0
2019-06-19,26150.0,,80.35,2.31,187.1,83.55,26.96,,24300.0
2019-06-20,26200.0,,78.19,2.24,186.5,85.24,26.58,,24500.0
2019-06-21,26050.0,,76.01,2.35,181.87,85.75,26.15,,25000.0
2019-06-24,25050.0,,74.31,2.3,182.64,84.5,25.5,,24600.0
2019-06-25,25100.0,,71.3,2.21,177.26,82.62,24.9,,24200.0
2019-06-26,24800.0,,71.65,2.15,177.31,82.55,25.07,,23700.0
2019-06-27,24550.0,,73.13,2.16,180.11,83.66,25.3,,23450.0
2019-06-28,24250.0,,72.44,2.21,180.21,83.95,25.35,,23350.0
2019-07-01,24800.0,,75.3,2.15,179.95,85.41,25.15,,23400.0
2019-07-02,25250.0,,76.05,2.13,180.86,84.96,25.53,,23400.0
2019-07-03,24450.0,,76.94,2.09,183.99,86.2,25.93,,23050.0
2019-07-04,24850.0,,,,,,,,21950.0
2019-07-05,25250.0,,76.24,2.06,183.21,86.82,25.9,,21400.0
2019-07-08,24000.0,,76.35,2.01,186.8,88.48,26.49,,20000.0
2019-07-09,24650.0,,76.3,1.88,186.05,88.04,26.59,,19800.0
2019-07-10,25100.0,,76.67,1.88,183.87,87.44,26.42,,20200.0
2019-07-11,26600.0,,76.67,1.75,183.07,88.29,26.56,,19850.0
2019-07-12,26600.0,,77.54,1.68,189.52,89.12,27.3,,19650.0
2019-07-15,26500.0,,77.19,1.64,189.17,89.48,27.51,,19100.0
2019-07-16,26450.0,,77.54,1.73,190.18,88.6,27.36,,19200.0
2019-07-17,25700.0,,76.51,2.35,190.38,87.5,26.93,,19100.0
2019-07-18,25850.0,,76.38,2.16,189.39,87.44,26.97,,18850.0
2019-07-19,26750.0,,74.17,2.06,187.94,86.55,26.95,,19150.0
2019-07-22,27000.0,,74.84,1.93,187.75,85.97,26.64,,19300.0
2019-07-23,26450.0,,74.54,1.86,189.07,86.7,27.19,,19650.0
2019-07-24,25700.0,,76.64,1.8,192.21,86.7,27.34,,20050.0
2019-07-25,26050.0,,77.82,1.77,191.21,87.28,27.34,,19250.0
2019-07-26,26200.0,,79.16,1.75,190.61,87.54,27.24,,18300.0
2019-07-29,25050.0,,77.96,1.79,192.09,87.62,27.44,,17150.0
2019-07-30,25650.0,,78.7,1.88,191.77,87.2,24.08,,17550.0
2019-07-31,24650.0,,78.66,1.93,191.09,86.03,23.07,,18000.0
2019-08-01,24300.0,,78.03,1.39,185.45,83.12,21.58,,17600.0
2019-08-02,24100.0,,76.6,1.46,178.93,81.14,21.57,,17200.0
2019-08-05,22000.0,,74.74,1.41,174.46,78.97,20.82,,15250.0
2019-08-06,21250.0,,77.5,1.41,179.63,81.3,21.27,,15000.0
2019-08-07,22600.0,,72.25,1.45,181.36,81.28,20.93,,15250.0
2019-08-08,22550.0,,75.35,1.46,186.35,83.0,21.08,,16100.0
2019-08-09,22700.0,,73.77,1.37,182.82,81.98,20.19,,16450.0
2019-08-12,25050.0,,71.63,1.31,178.82,81.65,19.68,,16200.0
2019-08-13,24000.0,,72.63,1.33,179.59,83.32,19.85,,15900.0
2019-08-14,25000.0,,69.33,1.25,174.68,81.03,19.01,,15700.0
2019-08-15,,,68.87,1.28,175.44,79.51,18.51,,
2019-08-16,25050.0,,69.81,1.23,177.83,80.28,18.65,,14650.0
2019-08-19,24900.0,,69.49,1.31,178.67,81.13,18.77,,14400.0
2019-08-20,25200.0,,66.95,1.25,179.67,80.53,18.55,,14950.0
2019-08-21,25750.0,,68.22,1.25,183.33,82.74,18.75,,15300.0
2019-08-22,25400.0,,67.24,1.23,183.97,83.31,18.98,,14900.0
2019-08-23,25000.0,,66.72,1.22,180.03,80.44,17.92,,14600.0
2019-08-26,23750.0,,68.37,1.25,182.35,82.25,18.0,,14200.0
2019-08-27,23800.0,,69.95,1.24,180.11,82.03,17.82,,14150.0
2019-08-28,24400.0,,71.49,1.34,182.7,83.48,18.2,,14500.0
2019-08-29,24000.0,,72.27,1.38,186.06,85.38,18.62,,14500.0
2019-08-30,24000.0,,70.61,1.39,184.67,84.5,18.61,,15100.0
2019-09-02,24200.0,,,,,,,,15600.0
2019-09-03,24050.0,,67.1,1.32,179.54,84.67,18.56,,15400.0
2019-09-04,24800.0,,67.14,1.27,180.7,86.35,18.95,,15400.0
2019-09-05,25000.0,,65.15,1.32,188.41,88.42,19.77,,15700.0
2019-09-06,24500.0,,65.46,1.48,203.14,88.69,19.56,,15450.0
2019-09-09,23900.0,,63.19,1.45,194.39,88.67,20.22,,15050.0
2019-09-10,23550.0,,64.34,1.66,193.26,86.83,20.75,,14200.0
2019-09-11,23500.0,,63.82,1.74,196.41,86.75,21.36,,15150.0
2019-09-12,,,64.23,1.65,198.73,87.67,21.62,,
2019-09-13,,,62.51,1.59,195.18,87.32,21.18,,
2019-09-16,23650.0,,62.24,1.6,193.7,87.27,21.11,,16650.0
2019-09-17,24050.0,,62.77,1.42,195.47,87.59,20.98,,19000.0
2019-09-18,23800.0,,61.65,1.41,195.36,88.08,20.79,,18650.0
2019-09-19,23550.0,,61.56,1.37,193.61,87.7,20.21,,17500.0
2019-09-20,23850.0,,60.34,1.31,189.3,86.68,19.66,,17700.0
2019-09-23,24000.0,,61.6,1.35,195.18,87.69,19.78,,17500.0
2019-09-24,23700.0,,61.7,1.43,193.85,87.18,19.4,,17800.0
2019-09-25,22950.0,,60.71,1.47,193.02,90.81,19.59,,18450.0
2019-09-26,23050.0,,59.15,1.4,191.54,92.17,19.79,,20000.0
2019-09-27,23000.0,25.24,57.44,1.38,189.72,92.31,19.57,,19100.0
2019-09-30,22600.0,25.1,57.87,1.35,192.53,93.92,19.94,,18500.0
2019-10-01,23500.0,22.51,58.64,1.34,192.69,92.28,19.73,,18550.0
2019-10-02,22700.0,22.6,57.52,1.25,189.13,91.49,19.25,,18500.0
2019-10-03,,22.33,57.81,1.35,190.15,92.22,19.28,,
2019-10-04,22450.0,23.01,57.96,1.33,193.12,93.07,19.31,,18400.0
2019-10-07,22450.0,23.51,57.22,1.28,191.66,93.17,19.1,,18950.0
2019-10-08,22900.0,23.21,56.2,1.28,191.37,91.75,19.01,,18950.0
2019-10-09,,24.0,57.29,1.3,192.16,92.52,19.47,,
2019-10-10,23250.0,23.14,57.61,1.31,198.13,93.0,19.64,,18750.0
2019-10-11,23650.0,22.39,58.63,1.32,201.62,93.88,19.99,,18750.0
2019-10-14,23650.0,21.47,60.77,1.24,203.04,94.88,20.07,,18600.0
2019-10-15,23700.0,23.45,60.79,1.25,203.89,94.79,20.4,,18900.0
2019-10-16,23500.0,23.03,60.75,1.25,203.08,94.88,20.25,,19750.0
2019-10-17,23400.0,23.86,60.84,1.24,204.96,95.56,20.52,,19650.0
2019-10-18,23450.0,23.52,60.49,1.24,207.11,96.1,19.69,,19600.0
2019-10-21,22550.0,22.26,60.26,1.24,205.28,96.22,20.09,,18700.0
2019-10-22,22550.0,21.16,60.46,1.29,204.4,95.6,21.38,,18700.0
2019-10-23,22950.0,21.08,60.12,1.84,205.46,92.32,20.82,,18200.0
2019-10-24,22950.0,21.34,61.11,1.76,206.84,91.5,20.86,,18300.0
2019-10-25,22600.0,22.4,61.04,1.83,208.0,90.92,21.06,,16500.0
2019-10-28,23050.0,21.46,62.23,1.87,205.97,90.85,21.19,,15900.0
2019-10-29,22900.0,23.18,63.46,1.85,205.58,89.28,20.86,,16350.0
2019-10-30,22850.0,23.72,64.11,1.74,205.85,90.19,20.81,,16350.0
2019-10-31,22850.0,23.87,63.66,1.65,204.27,89.55,20.65,,17350.0
2019-11-01,22500.0,24.99,63.03,1.7,200.69,89.18,21.14,,17500.0
2019-11-04,23350.0,24.61,61.08,1.71,196.48,89.86,17.14,,17500.0
2019-11-05,23350.0,22.74,59.98,1.68,194.34,89.88,17.9,,17300.0
2019-11-06,23350.0,23.02,61.54,1.67,200.74,89.48,18.17,,17000.0
2019-11-07,23800.0,22.63,62.71,1.65,202.82,90.4,17.59,,17100.0
2019-11-08,23600.0,23.52,68.42,1.47,204.13,89.81,17.56,,17500.0
2019-11-11,23050.0,24.04,67.73,1.57,207.19,90.05,17.57,,16750.0
2019-11-12,23350.0,24.69,70.01,1.58,207.81,89.5,17.29,,17000.0
2019-11-13,23500.0,25.98,71.03,1.53,211.11,91.29,17.23,,17050.0
2019-11-14,23950.0,25.93,70.1,1.52,213.22,91.27,17.12,,16700.0
2019-11-15,24000.0,27.23,71.45,1.47,215.91,93.04,17.79,,16550.0
2019-11-18,24000.0,30.25,71.51,1.46,218.46,94.18,17.33,,16550.0
2019-11-19,23500.0,29.24,71.46,1.47,216.88,93.61,17.33,,15900.0
2019-11-20,22700.0,29.1,71.72,1.45,217.04,93.05,16.99,,15350.0
2019-11-21,22150.0,29.8,72.01,1.4,216.74,92.16,16.99,,15500.0
2019-11-22,22050.0,29.36,71.85,1.43,219.9,93.34,17.43,,16000.0
2019-11-25,22400.0,30.87,73.22,1.44,222.16,92.9,17.36,,15850.0
2019-11-26,23050.0,30.96,74.32,1.37,222.84,93.33,17.99,,16500.0
2019-11-27,23450.0,32.16,74.61,1.36,228.83,94.14,19.1,,16500.0
2019-11-28,22900.0,,,,,,,,16650.0
2019-11-29,22450.0,35.23,73.92,1.44,225.69,93.49,18.89,,16650.0
2019-12-02,22250.0,36.84,73.87,1.36,225.53,93.56,18.44,,16150.0
2019-12-03,22700.0,33.48,73.63,1.43,223.19,92.46,18.11,,16500.0
2019-12-04,22350.0,32.96,72.95,1.61,225.58,93.72,18.61,,16700.0
2019-12-05,22300.0,31.31,75.52,1.8,230.79,95.79,18.78,,16650.0
2019-12-06,22700.0,32.63,74.48,1.72,229.38,97.0,18.96,,16600.0
2019-12-09,22550.0,34.77,74.1,1.77,230.88,96.63,19.27,,16500.0
2019-12-10,22300.0,32.78,73.99,1.93,229.65,97.01,19.24,,16200.0
2019-12-11,22350.0,32.03,74.19,1.98,233.19,97.18,19.2,,16200.0
2019-12-12,22300.0,30.85,72.54,1.86,224.47,97.72,19.29,,16850.0
2019-12-13,22750.0,31.53,72.67,1.75,223.55,97.77,19.53,,17600.0
2019-12-16,22800.0,31.34,73.41,1.67,225.35,98.81,20.43,,16800.0
2019-12-17,23400.0,32.93,72.89,1.67,222.98,99.65,20.56,,16900.0
2019-12-18,23050.0,31.89,73.25,1.9,224.31,100.57,21.04,,16850.0
2019-12-19,23150.0,31.93,73.38,1.82,224.13,101.15,21.16,,16900.0
2019-12-20,23150.0,29.99,73.56,1.74,230.29,99.96,21.5,,16700.0
2019-12-23,23250.0,29.22,74.17,1.78,228.13,100.04,21.55,,16800.0
2019-12-24,23200.0,28.75,74.34,1.77,229.03,100.14,21.64,,16350.0
2019-12-26,23400.0,27.0,74.82,1.67,231.17,100.71,21.8,,16650.0
2019-12-27,23500.0,27.0,75.49,1.67,230.02,101.57,21.45,,17000.0
2019-12-30,23650.0,27.69,74.19,1.68,230.83,100.8,21.28,,16500.0
2019-12-31,,28.4,74.68,1.75,231.67,101.31,21.6,,
2020-01-02,23350.0,29.74,75.08,1.81,233.42,102.2,21.78,,16000.0
2020-01-03,23400.0,30.6,75.64,1.78,232.64,101.92,21.85,,15900.0
2020-01-06,22250.0,29.75,75.04,1.9,235.43,101.83,20.44,,15350.0
2020-01-07,22550.0,30.4,76.33,2.14,233.7,101.78,20.7,,16100.0
2020-01-08,21550.0,29.65,76.32,2.18,237.27,101.55,20.42,,14850.0
2020-01-09,22000.0,27.87,76.86,2.82,235.9,101.48,19.79,,15300.0
2020-01-10,22050.0,28.01,77.22,3.22,234.84,100.9,19.77,,15300.0
2020-01-13,22150.0,28.53,79.04,3.39,245.18,102.16,20.17,,16100.0
2020-01-14,22200.0,29.69,79.88,3.72,243.77,102.92,21.12,,16050.0
2020-01-15,22000.0,30.86,79.02,3.79,243.49,102.79,21.18,,15800.0
2020-01-16,22600.0,30.83,79.17,3.56,243.71,103.37,21.19,,15850.0
2020-01-17,22600.0,31.7,79.75,3.53,241.25,104.53,20.39,,16200.0
2020-01-20,22800.0,,,,,,,,15950.0
2020-01-21,22350.0,32.0,78.9,3.52,242.52,104.58,20.2,,15750.0
2020-01-22,22500.0,30.68,79.06,3.93,244.3,104.49,20.52,,16950.0
2020-01-23,22400.0,30.06,78.15,3.59,243.06,103.02,21.23,,17450.0
2020-01-24,,30.5,78.52,3.47,240.35,102.03,20.99,,
2020-01-27,,31.25,78.54,3.45,236.74,100.24,20.65,,
2020-01-28,21600.0,31.38,79.7,3.54,239.35,100.41,20.89,,18550.0
2020-01-29,22050.0,31.5,80.25,3.53,243.66,99.84,21.0,,18050.0
2020-01-30,21650.0,32.26,81.42,3.23,243.77,98.19,20.86,,18400.0
2020-01-31,21050.0,32.36,80.79,3.18,239.39,96.3,20.18,,16450.0
2020-02-03,21200.0,33.37,81.58,2.77,246.37,99.27,20.28,,17600.0
2020-02-04,21750.0,33.47,82.68,2.7,247.99,101.38,20.79,,17000.0
2020-02-05,21600.0,32.7,81.67,3.34,243.9,100.54,20.73,,17100.0
2020-02-06,21650.0,29.0,82.34,3.18,243.78,100.27,20.67,,16950.0
2020-02-07,21500.0,27.86,82.58,3.17,243.51,99.44,20.25,,17200.0
2020-02-10,21600.0,28.6,82.87,2.91,248.54,100.02,20.45,,17600.0
2020-02-11,21900.0,28.65,83.12,2.93,251.58,100.02,16.59,,17400.0
2020-02-12,21850.0,28.34,84.65,2.91,253.94,103.0,17.04,,16350.0
2020-02-13,21650.0,28.85,84.5,2.91,253.86,103.37,16.76,,16350.0
2020-02-14,21500.0,27.66,86.46,3.01,254.41,103.54,17.19,,16350.0
2020-02-17,21550.0,,,,,,,,16350.0
2020-02-18,21200.0,27.08,87.94,3.0,259.23,102.0,16.73,,16200.0
2020-02-19,21150.0,27.1,87.85,2.93,262.51,102.46,16.57,,16800.0
2020-02-20,20950.0,26.98,88.04,3.84,263.68,102.53,16.5,,16800.0
2020-02-21,20950.0,25.49,87.52,3.47,255.9,100.25,16.04,,16850.0
2020-02-24,20700.0,26.5,84.24,3.16,246.21,95.91,15.48,,17050.0
2020-02-25,20900.0,27.11,81.17,3.31,238.81,92.9,14.82,,17750.0
2020-02-26,20650.0,29.19,75.77,3.15,238.56,92.0,14.42,,19650.0
2020-02-27,20350.0,28.72,72.07,2.76,220.7,88.55,13.99,,19400.0
2020-02-28,19450.0,26.69,67.49,3.22,217.41,89.38,14.19,,18200.0
2020-03-02,20000.0,27.92,68.48,3.05,228.9,92.68,14.1,,20000.0
2020-03-03,20450.0,26.68,67.85,2.96,227.13,90.93,13.6,,20000.0
2020-03-04,20550.0,27.25,69.88,2.86,231.62,93.79,13.88,,20700.0
2020-03-05,20550.0,27.1,62.5,2.74,221.19,90.58,13.25,,20450.0
2020-03-06,19950.0,24.98,64.35,2.53,218.55,88.36,12.63,,20600.0
2020-03-09,18750.0,23.21,56.65,2.25,199.77,84.11,11.17,,19100.0
2020-03-10,19100.0,22.97,62.63,2.25,204.12,88.3,11.75,,18800.0
2020-03-11,18150.0,22.0,57.0,1.64,193.74,84.0,11.38,,18400.0
2020-03-12,16400.0,19.51,48.32,1.39,169.13,74.2,9.69,,18050.0
2020-03-13,16000.0,19.72,53.98,1.48,176.75,75.58,10.81,,15850.0
2020-03-16,15900.0,22.25,38.8,1.46,138.98,66.79,9.2,,14650.0
2020-03-17,16700.0,25.45,35.39,1.45,144.88,69.84,9.87,,14900.0
2020-03-18,15800.0,25.79,27.54,1.31,140.36,68.04,8.55,,14500.0
2020-03-19,14200.0,24.99,32.61,1.35,154.86,70.34,9.06,,13600.0
2020-03-20,15200.0,23.01,33.93,1.3,165.01,67.45,8.17,,14900.0
2020-03-23,13500.0,23.34,37.47,1.29,172.3,62.8,8.06,,14400.0
2020-03-24,15350.0,24.57,46.23,1.45,192.74,72.33,9.15,,15000.0
2020-03-25,15850.0,24.52,50.33,2.02,193.62,79.01,9.29,,15000.0
2020-03-26,15600.0,25.75,52.38,2.36,200.8,84.3,9.89,,16050.0
2020-03-27,15500.0,25.98,50.42,2.8,188.84,83.23,9.44,,16000.0
2020-03-30,15600.0,27.7,48.6,2.89,193.94,85.38,9.57,,18900.0
2020-03-31,15850.0,26.55,48.7,2.61,189.55,82.74,9.21,,18800.0
2020-04-01,16000.0,27.96,42.34,2.71,183.5,79.23,8.26,,18750.0
2020-04-02,16450.0,26.74,39.84,2.46,185.49,80.14,7.79,,19500.0
2020-04-03,16250.0,28.75,36.96,2.48,181.25,78.86,8.22,,20150.0
2020-04-06,17250.0,28.37,42.56,2.41,194.95,84.63,8.99,,20050.0
2020-04-07,18000.0,27.58,45.87,2.22,194.92,84.16,9.52,,19500.0
2020-04-08,18150.0,27.5,52.06,2.4,196.01,85.3,9.75,,19100.0
2020-04-09,18300.0,28.45,55.59,3.76,203.51,86.79,10.43,,19900.0
2020-04-10,17800.0,,,,,,,,20900.0
2020-04-13,17350.0,31.99,54.18,4.84,199.27,84.46,9.81,,19800.0
2020-04-14,17600.0,31.88,55.32,4.71,205.18,87.47,10.01,,20050.0
2020-04-15,,35.61,52.0,5.47,207.95,85.04,9.6,,
2020-04-16,17950.0,36.35,50.1,5.13,209.19,86.3,9.34,,20850.0
2020-04-17,18100.0,33.49,56.57,5.05,225.86,89.91,9.85,,20650.0
2020-04-20,17900.0,31.07,56.1,4.63,218.59,87.9,9.65,,20350.0
2020-04-21,17750.0,31.39,55.22,5.04,206.72,85.2,9.54,,20650.0
2020-04-22,18100.0,31.18,57.43,5.78,212.09,88.77,9.59,,21800.0
2020-04-23,18050.0,29.89,57.04,6.11,211.64,87.35,9.81,,23800.0
2020-04-24,17650.0,31.74,57.9,6.49,214.55,88.37,10.0,,24450.0
2020-04-27,18800.0,31.78,62.44,5.99,226.89,89.37,10.44,,24000.0
2020-04-28,19150.0,30.0,60.44,5.98,224.47,88.8,10.83,,23950.0
2020-04-29,18850.0,31.89,64.23,6.11,232.43,88.07,10.87,,23000.0
2020-04-30,,31.5,60.33,6.49,223.48,87.18,10.42,,
2020-05-01,,32.05,57.62,5.86,218.69,85.54,9.8,,
2020-05-04,18450.0,33.9,57.44,6.02,218.69,85.75,9.69,,22600.0
2020-05-05,,36.22,57.08,6.64,218.21,87.2,9.38,,
2020-05-06,19200.0,38.03,60.4,5.23,223.18,88.44,9.19,,23200.0
2020-05-07,20200.0,44.12,61.14,5.35,225.99,88.56,9.61,,22650.0
2020-05-08,20300.0,43.0,60.22,5.44,237.99,90.46,9.98,,22100.0
2020-05-11,20000.0,42.8,58.1,5.83,245.62,90.93,9.01,,22600.0
2020-05-12,19750.0,46.17,52.01,5.72,242.6,88.26,8.63,,23350.0
2020-05-13,20050.0,45.17,47.92,5.64,229.39,86.02,7.79,,23400.0
2020-05-14,19300.0,45.11,51.01,5.9,237.57,86.55,7.71,,22650.0
2020-05-15,19200.0,48.42,52.32,6.18,247.09,86.99,7.71,,21300.0
2020-05-18,19200.0,43.61,57.7,5.85,255.65,91.04,8.23,,21650.0
2020-05-19,19400.0,44.8,57.54,5.96,251.41,91.51,7.81,,21550.0
2020-05-20,19400.0,45.11,60.92,6.11,258.38,92.95,8.24,,21600.0
2020-05-21,19450.0,45.3,61.35,6.34,267.53,94.26,8.68,,21350.0
2020-05-22,19100.0,45.81,62.96,6.0,276.73,93.75,8.34,,21400.0
2020-05-25,19600.0,,,,,,,,21450.0
2020-05-26,19400.0,41.7,63.23,5.84,281.41,96.62,8.88,,22300.0
2020-05-27,18950.0,41.07,65.17,5.91,281.5,99.87,9.61,,21550.0
2020-05-28,18400.0,42.61,64.99,5.99,284.42,98.46,9.05,,21050.0
2020-05-29,17700.0,42.19,64.63,6.11,300.1,98.58,8.75,,21900.0
2020-06-01,17800.0,45.85,67.59,7.28,308.69,99.54,9.26,,22050.0
2020-06-02,17800.0,49.01,73.98,7.17,312.3,100.74,9.41,,22050.0
2020-06-03,17800.0,47.83,77.18,7.23,323.74,104.11,10.3,,23700.0
2020-06-04,17750.0,47.88,73.55,6.98,317.42,101.28,10.41,,23850.0
2020-06-05,17700.0,45.9,75.15,6.97,319.78,102.71,11.1,,23200.0
2020-06-08,18500.0,44.78,72.97,6.86,315.3,104.29,11.51,,22900.0
2020-06-09,18100.0,47.64,70.27,6.64,316.4,102.63,10.92,,22600.0
2020-06-10,18100.0,47.11,69.86,7.27,323.25,102.12,10.51,,23900.0
2020-06-11,17750.0,45.98,65.3,6.57,308.12,95.17,9.47,,25150.0
2020-06-12,17100.0,47.1,66.9,6.7,296.36,96.43,9.7,,24300.0
2020-06-15,16750.0,49.94,68.61,6.72,303.05,97.84,9.86,,24700.0
2020-06-16,16750.0,49.91,69.02,6.94,310.61,99.04,10.36,,27550.0
2020-06-17,16200.0,49.17,66.93,7.51,303.69,99.21,9.81,,26500.0
2020-06-18,16500.0,51.08,66.36,8.24,302.98,98.45,9.78,,27000.0
2020-06-19,16250.0,50.89,66.14,8.15,297.38,95.78,9.51,,26300.0
2020-06-22,16050.0,53.03,63.91,8.36,304.69,99.51,9.51,,25550.0
2020-06-23,16150.0,54.88,68.13,8.53,301.16,101.92,9.86,,25100.0
2020-06-24,16200.0,55.55,65.61,8.53,295.22,100.08,9.47,,26400.0
2020-06-25,16850.0,58.06,64.87,8.56,295.13,101.4,9.6,,26800.0
2020-06-26,16300.0,58.43,61.62,8.41,289.53,93.67,9.11,,26050.0
2020-06-29,15750.0,57.21,59.52,8.91,294.35,95.87,9.83,,26050.0
2020-06-30,16000.0,57.77,60.57,9.27,312.01,98.05,9.74,,25750.0
2020-07-01,15850.0,60.25,62.19,9.39,308.62,97.4,9.57,,24750.0
2020-07-02,15900.0,59.16,60.47,9.4,304.77,98.43,9.58,,24750.0
2020-07-03,16050.0,,,,,,,,25500.0
2020-07-06,16200.0,60.48,61.59,10.24,314.35,99.95,9.91,,25300.0
2020-07-07,16400.0,60.82,56.19,10.67,306.74,97.07,9.5,,26200.0
2020-07-08,16200.0,62.52,57.52,10.64,309.88,98.84,9.61,,26000.0
2020-07-09,16150.0,64.49,56.13,10.39,315.2,96.99,9.18,,26400.0
2020-07-10,15850.0,68.47,57.11,10.66,314.39,97.99,9.52,,25800.0
2020-07-13,16050.0,61.58,54.95,10.23,305.15,96.46,9.39,,29000.0
2020-07-14,15950.0,62.95,54.98,10.29,308.32,96.76,9.47,,28100.0
2020-07-15,16450.0,63.13,60.19,10.25,312.51,98.54,10.31,,28650.0
2020-07-16,16100.0,61.29,58.53,10.09,313.08,97.26,10.36,,28450.0
2020-07-17,16650.0,58.53,58.81,10.19,316.82,96.28,10.2,,27400.0
2020-07-20,16550.0,64.71,57.44,10.68,326.84,95.65,9.91,,27200.0
2020-07-21,16700.0,62.88,58.21,11.04,325.39,98.36,10.5,,27500.0
2020-07-22,16650.0,64.14,57.57,11.0,326.72,98.91,10.44,,27050.0
2020-07-23,16450.0,62.31,56.24,10.65,320.01,98.3,10.87,,27050.0
2020-07-24,16400.0,61.82,54.57,10.23,321.5,98.43,10.91,,26350.0
2020-07-27,16500.0,63.68,54.64,10.33,331.55,97.21,11.2,,26050.0
2020-07-28,17150.0,64.11,53.82,10.15,322.64,96.27,11.3,,26250.0
2020-07-29,16900.0,66.65,54.85,10.66,325.74,96.97,11.61,,27300.0
2020-07-30,16800.0,65.28,53.09,10.58,323.66,96.82,11.45,,27550.0
2020-07-31,16650.0,68.22,52.2,10.43,325.59,97.61,10.52,,26500.0
2020-08-03,16600.0,72.68,50.73,11.76,328.59,98.33,9.67,,27050.0
2020-08-04,16800.0,70.01,53.64,11.36,328.21,97.33,9.93,,28750.0
2020-08-05,17250.0,71.21,49.97,11.21,340.42,100.94,10.61,,28350.0
2020-08-06,17250.0,69.72,51.25,11.15,339.18,100.45,10.14,,27750.0
2020-08-07,17000.0,68.3,50.94,12.01,342.12,101.86,10.33,,27850.0
2020-08-10,17350.0,67.12,54.68,12.36,344.32,105.41,10.71,,28600.0
2020-08-11,17050.0,64.96,56.33,14.12,335.37,105.12,10.98,,30450.0
2020-08-12,16950.0,64.36,56.67,14.33,345.33,105.22,11.01,,29250.0
2020-08-13,17100.0,65.71,56.47,14.11,350.29,106.52,10.84,7812.0,29150.0
2020-08-14,17500.0,64.34,55.15,13.74,349.12,106.43,10.74,7879.0,29000.0
2020-08-17,,65.26,55.6,13.7,354.87,105.66,10.47,,
2020-08-18,16250.0,69.82,54.85,13.67,358.78,106.97,10.24,7311.0,26950.0
2020-08-19,16200.0,67.59,53.64,12.88,360.84,108.39,9.98,7378.0,28000.0
2020-08-20,15350.0,68.72,54.84,12.42,366.42,108.01,9.76,7478.0,26700.0
2020-08-21,15600.0,69.35,56.41,11.73,368.75,109.75,9.73,7712.0,26800.0
2020-08-24,16000.0,66.87,58.58,11.34,376.31,111.83,10.24,8179.0,26500.0
2020-08-25,16200.0,66.45,58.47,11.2,378.5,111.51,10.17,8346.0,27750.0
2020-08-26,16100.0,67.3,58.26,12.22,381.5,111.53,9.88,8346.0,27850.0
2020-08-27,15950.0,70.3,60.96,11.77,374.84,110.84,9.92,8146.0,28600.0
2020-08-28,15900.0,75.96,63.68,12.05,377.48,112.29,10.15,8447.0,29350.0
2020-08-31,16000.0,76.67,60.79,11.85,375.67,111.89,9.81,8914.0,28700.0
2020-09-01,16650.0,83.67,60.91,13.85,391.16,114.84,10.25,8914.0,28450.0
2020-09-02,16400.0,91.06,62.03,15.65,398.29,116.8,10.39,9348.0,28500.0
2020-09-03,16450.0,82.28,61.21,14.07,377.87,112.85,10.43,9114.0,28400.0
2020-09-04,16050.0,80.63,62.4,13.68,361.41,112.4,10.43,8780.0,27700.0
2020-09-07,16050.0,,,,,,,8380.0,27500.0
2020-09-08,16100.0,85.6,61.03,13.71,349.8,112.72,10.95,8346.0,27400.0
2020-09-09,15850.0,91.17,61.06,14.86,323.93,114.9,10.59,8780.0,26700.0
2020-09-10,15850.0,87.75,57.64,15.54,320.0,114.79,10.74,9081.0,27000.0
2020-09-11,16350.0,84.04,56.34,14.9,313.39,118.0,11.32,9014.0,27600.0
2020-09-14,16600.0,82.01,58.28,15.11,313.82,119.28,11.72,8914.0,27450.0
2020-09-15,16600.0,85.45,61.0,16.51,315.49,119.27,11.66,8947.0,27000.0
2020-09-16,16550.0,82.59,61.99,16.18,309.99,118.59,12.23,8780.0,27300.0
2020-09-17,16200.0,85.2,60.01,15.63,303.11,116.36,11.97,8747.0,26750.0
2020-09-18,16050.0,89.7,57.39,15.98,294.76,114.66,11.52,8480.0,26300.0
2020-09-21,15700.0,94.8,56.1,16.68,295.56,113.37,10.69,8280.0,25250.0
2020-09-22,15550.0,94.39,58.35,16.62,313.6,116.87,10.92,8246.0,24550.0
2020-09-23,15600.0,95.23,59.86,16.38,316.77,127.11,11.43,8246.0,24100.0
2020-09-24,15550.0,88.56,59.42,15.84,315.58,124.75,11.01,7812.0,22250.0
2020-09-25,15550.0,97.73,59.83,17.1,315.35,124.23,11.16,7745.0,22450.0
2020-09-28,16050.0,96.91,61.32,17.51,318.73,124.32,11.43,8079.0,23900.0
2020-09-29,15900.0,100.47,58.91,18.15,323.67,126.35,11.08,8246.0,24850.0
2020-09-30,,99.24,61.62,17.16,329.37,125.54,11.23,,
2020-10-01,,105.2,63.53,17.61,341.05,126.64,11.86,,
2020-10-02,,107.51,62.22,17.44,332.67,126.64,12.06,,
2020-10-05,16050.0,110.74,62.48,19.8,337.87,127.91,12.16,8213.0,25700.0
2020-10-06,16000.0,111.31,62.37,19.82,329.29,127.65,11.69,8113.0,25450.0
2020-10-07,16100.0,116.96,65.42,21.59,338.91,130.06,12.17,8280.0,25250.0
2020-10-08,16100.0,115.0,65.88,21.29,337.94,129.71,12.6,8747.0,24950.0
2020-10-09,,123.02,67.6,22.1,346.46,130.98,12.55,,
2020-10-12,16150.0,127.3,68.32,21.43,348.0,129.46,12.73,8947.0,25300.0
2020-10-13,16200.0,130.97,65.72,21.79,356.29,129.2,12.82,8780.0,25000.0
2020-10-14,15850.0,131.44,64.66,22.08,352.07,127.66,12.54,8680.0,24450.0
2020-10-15,15800.0,136.43,65.2,23.54,353.61,129.0,12.92,8246.0,24350.0
2020-10-16,15650.0,131.33,65.24,23.4,349.95,128.0,13.0,8179.0,25100.0
2020-10-19,15700.0,133.01,63.19,24.11,336.46,127.43,13.26,8179.0,24600.0
2020-10-20,15650.0,131.93,64.39,26.81,330.04,128.49,13.47,8346.0,24350.0
2020-10-21,15550.0,124.3,65.0,25.96,325.5,129.43,13.94,8313.0,24800.0
2020-10-22,15300.0,120.8,67.09,25.2,325.67,130.02,14.18,7946.0,24050.0
2020-10-23,15250.0,122.53,68.42,26.39,333.92,129.99,14.66,7979.0,24100.0
2020-10-26,15150.0,118.1,65.35,23.86,331.6,128.37,13.93,8013.0,22850.0
2020-10-27,15200.0,121.15,63.95,23.6,333.81,127.99,13.67,7912.0,22550.0
2020-10-28,15400.0,122.12,59.24,23.63,329.51,122.08,13.31,7912.0,22950.0
2020-10-29,15300.0,115.91,60.59,23.03,330.15,122.86,13.79,7879.0,22650.0
2020-10-30,15150.0,110.21,59.27,21.69,319.29,120.08,13.84,7612.0,22700.0
2020-11-02,15100.0,113.44,59.32,22.44,315.5,122.39,14.46,7478.0,22900.0
2020-11-03,15250.0,111.7,63.92,24.36,327.13,124.59,14.77,7478.0,23300.0
2020-11-04,15450.0,118.6,66.46,25.18,340.18,127.34,14.4,7445.0,23250.0
2020-11-05,15600.0,126.63,66.57,27.71,347.18,129.7,14.97,7545.0,23850.0
2020-11-06,15250.0,125.46,67.19,27.8,343.8,128.9,14.81,7178.0,24500.0
2020-11-09,15500.0,100.01,78.07,21.86,326.96,128.95,15.37,7245.0,24250.0
2020-11-10,15950.0,105.21,73.02,20.0,322.19,127.71,15.06,7311.0,24150.0
2020-11-11,16200.0,106.21,74.76,20.44,336.68,127.66,14.51,7412.0,24200.0
2020-11-12,16700.0,108.72,71.68,21.62,329.91,126.64,14.33,7345.0,24200.0
2020-11-13,17350.0,100.79,69.4,21.01,325.45,128.28,14.89,7612.0,24300.0
2020-11-16,17150.0,101.9,70.99,18.73,331.77,130.11,15.76,7946.0,24400.0
2020-11-17,17450.0,102.49,68.06,18.0,338.4,132.21,16.1,7812.0,23850.0
2020-11-18,17500.0,104.49,66.5,18.49,336.93,131.63,16.27,7846.0,23450.0
2020-11-19,17250.0,105.26,66.71,19.49,344.6,131.91,16.69,7812.0,23400.0
2020-11-20,17500.0,110.9,66.29,19.78,345.74,132.98,16.73,8113.0,22950.0
2020-11-23,17500.0,112.05,69.11,18.36,348.53,134.13,16.54,8046.0,23000.0
2020-11-24,17900.0,105.42,74.68,17.82,349.55,134.7,17.01,8013.0,22900.0
2020-11-25,18000.0,106.94,72.2,18.35,357.8,135.54,16.86,7812.0,22700.0
2020-11-26,17950.0,,,,,,,7979.0,22350.0
2020-11-27,18100.0,108.98,72.26,19.23,365.39,134.25,16.68,7912.0,22250.0
2020-11-30,17750.0,116.35,72.95,21.1,370.22,134.7,16.57,7812.0,22250.0
2020-12-01,17750.0,112.03,75.11,20.61,377.52,135.44,16.54,7812.0,22250.0
2020-12-02,17650.0,113.18,74.55,20.22,372.6,135.58,16.32,7712.0,22100.0
2020-12-03,17950.0,116.2,74.2,18.84,375.42,136.96,17.0,7545.0,22150.0
2020-12-04,18300.0,114.45,75.12,18.53,377.06,137.19,16.83,7512.0,21700.0
2020-12-07,17950.0,116.63,74.76,17.94,371.48,138.75,17.06,7445.0,22200.0
2020-12-08,17850.0,118.25,75.73,17.56,371.07,139.12,17.24,7478.0,21900.0
2020-12-09,17900.0,110.79,77.32,17.0,363.56,138.79,17.57,7612.0,22100.0
2020-12-10,17950.0,117.99,77.54,17.01,369.07,137.58,17.6,7445.0,22000.0
2020-12-11,17600.0,117.1,76.19,16.53,344.32,137.41,17.17,7579.0,22550.0
2020-12-14,17200.0,121.91,76.15,17.08,352.37,136.28,17.14,7612.0,22800.0
2020-12-15,17200.0,127.78,73.15,17.86,356.07,139.39,17.67,7679.0,22600.0
2020-12-16,17200.0,134.0,74.91,17.99,363.1,138.34,17.46,7612.0,24200.0
2020-12-17,17150.0,136.8,74.7,19.03,386.07,140.5,17.42,7512.0,24600.0
2020-12-18,17600.0,139.84,74.99,18.72,378.05,137.28,17.37,7478.0,24800.0
2020-12-21,17600.0,144.39,74.46,19.5,373.4,144.02,17.35,7211.0,25250.0
2020-12-22,17050.0,161.21,76.81,22.09,360.07,142.45,16.88,7078.0,24600.0
2020-12-23,17000.0,162.76,78.5,21.13,355.13,141.76,17.36,7078.0,24250.0
2020-12-24,17100.0,162.72,77.74,20.87,351.42,141.6,17.41,7178.0,24800.0
2020-12-28,16800.0,152.18,76.63,19.74,351.36,142.43,17.27,6911.0,24400.0
2020-12-29,17100.0,150.1,76.34,18.1,353.22,141.57,16.87,6944.0,24350.0
2020-12-30,17350.0,154.96,78.04,18.88,350.78,141.58,17.45,7145.0,24350.0
2020-12-31,,151.72,77.63,18.14,348.03,141.47,17.17,,
2021-01-04,17500.0,145.96,73.93,18.61,356.4,140.1,17.35,6978.0,25100.0
2021-01-05,17950.0,148.53,74.77,19.2,366.5,141.23,17.85,6978.0,26000.0
2021-01-06,18500.0,143.76,77.48,19.19,363.25,142.35,17.97,7078.0,25700.0
2021-01-07,18350.0,154.0,79.58,20.34,367.29,144.95,18.03,7278.0,25400.0
2021-01-08,18100.0,158.88,81.42,19.69,365.46,146.35,17.7,7145.0,25000.0
2021-01-11,17550.0,152.34,82.74,19.61,361.66,147.05,17.98,6877.0,24150.0
2021-01-12,18200.0,156.04,83.75,21.02,356.93,145.05,18.87,7345.0,23900.0
2021-01-13,18350.0,167.42,82.72,21.42,352.14,143.04,18.45,7311.0,24300.0
2021-01-14,18600.0,165.25,82.19,21.44,347.73,141.3,18.5,7445.0,24550.0
2021-01-15,18600.0,157.81,81.09,19.94,344.5,140.72,18.09,7211.0,24100.0
2021-01-18,18050.0,,,,,,,7278.0,23000.0
2021-01-19,18100.0,150.14,80.11,20.03,342.25,139.27,18.13,7245.0,24000.0
2021-01-20,18100.0,155.79,79.66,20.39,355.12,142.8,18.61,8146.0,23700.0
2021-01-21,18050.0,158.13,80.94,21.26,349.22,141.61,18.68,8079.0,23450.0
2021-01-22,18200.0,159.75,79.33,21.18,346.37,139.35,18.51,8380.0,23450.0
2021-01-25,19200.0,157.14,77.3,22.97,339.99,137.55,18.64,8547.0,24100.0
2021-01-26,19350.0,147.79,74.05,23.24,330.56,135.1,18.51,8179.0,23800.0
2021-01-27,19050.0,144.96,73.54,23.04,329.51,131.02,17.35,7846.0,23700.0
2021-01-28,19100.0,145.83,75.59,23.35,330.24,134.72,17.81,7412.0,23900.0
2021-01-29,18550.0,146.13,72.0,24.51,328.68,133.59,17.5,7245.0,23200.0
2021-02-01,18650.0,146.79,73.5,26.58,333.47,135.71,17.99,7378.0,23200.0
2021-02-02,18950.0,147.73,73.48,25.37,343.92,139.59,18.57,7912.0,23150.0
2021-02-03,18900.0,147.17,73.38,25.49,332.39,138.63,19.49,7879.0,23650.0
2021-02-04,19350.0,157.53,74.07,25.33,338.59,140.63,20.26,7579.0,23650.0
2021-02-05,18950.0,148.3,77.79,24.79,334.08,145.11,20.7,7311.0,23600.0
2021-02-08,18950.0,144.99,78.72,26.61,339.71,143.41,20.77,7311.0,23400.0
2021-02-09,18900.0,147.76,79.73,30.54,340.69,141.79,20.72,7278.0,23900.0
2021-02-10,18850.0,145.04,78.1,29.18,341.39,142.46,22.45,7245.0,24100.0
2021-02-11,,146.48,76.53,27.93,345.89,143.54,22.99,,
2021-02-12,,154.67,77.1,29.16,342.86,142.12,22.37,,
2021-02-15,19050.0,,,,,,,7345.0,24400.0
2021-02-16,19100.0,145.88,76.56,30.33,339.85,141.71,22.4,7278.0,25250.0
2021-02-17,19150.0,139.23,78.72,29.81,337.52,143.99,22.4,7645.0,25250.0
2021-02-18,19600.0,138.45,79.77,29.23,336.83,145.09,22.28,7645.0,24700.0
2021-02-19,19400.0,139.71,78.5,29.53,332.23,142.02,22.81,7579.0,25050.0
2021-02-22,19100.0,125.75,81.55,26.71,321.49,136.67,22.16,7412.0,25050.0
2021-02-23,18800.0,126.89,83.98,20.54,322.85,136.13,21.81,7345.0,24700.0
2021-02-24,18350.0,122.72,88.68,19.06,317.7,135.65,21.89,7078.0,23650.0
2021-02-25,18800.0,115.21,88.64,18.09,310.12,135.54,21.59,7245.0,24900.0
2021-02-26,18550.0,120.47,86.09,18.41,311.68,134.78,21.89,7011.0,25500.0
2021-03-01,,123.81,84.66,19.15,314.83,137.65,22.74,,
2021-03-02,19100.0,117.97,83.57,20.43,317.47,137.02,22.87,7111.0,26100.0
2021-03-03,19100.0,108.08,85.99,19.28,295.99,134.26,23.23,7245.0,25900.0
2021-03-04,18800.0,104.75,80.53,19.06,285.14,132.04,22.79,7278.0,25650.0
2021-03-05,18750.0,105.13,83.44,19.36,293.24,133.35,22.66,7345.0,25250.0
2021-03-08,18550.0,101.35,85.73,18.41,288.94,134.56,22.93,7378.0,25200.0
2021-03-09,18600.0,116.02,81.85,18.94,298.35,135.95,22.41,7412.0,24950.0
2021-03-10,18500.0,111.32,81.77,18.7,309.0,137.59,22.54,7145.0,25950.0
2021-03-11,18700.0,117.65,80.85,19.64,310.34,141.19,22.82,7178.0,26000.0
2021-03-12,19100.0,111.55,80.04,19.66,306.08,140.45,23.38,7278.0,26700.0
2021-03-15,19400.0,112.74,83.97,21.4,314.32,144.94,24.2,7311.0,26100.0
2021-03-16,19500.0,107.96,82.13,21.35,308.75,144.65,23.38,7412.0,26200.0
2021-03-17,19250.0,107.79,83.21,20.94,315.22,144.82,22.99,7412.0,26400.0
2021-03-18,18950.0,102.74,80.58,18.68,306.35,143.17,23.47,7412.0,26050.0
2021-03-19,19100.0,108.31,78.35,18.2,308.71,137.49,23.43,7311.0,25950.0
2021-03-22,19100.0,109.54,77.99,17.41,313.6,138.27,23.48,7278.0,26000.0
2021-03-23,19100.0,113.35,75.45,16.36,314.03,137.12,22.47,7245.0,25600.0
2021-03-24,19500.0,101.79,73.49,15.23,307.31,133.16,22.05,7211.0,25350.0
2021-03-25,20900.0,103.23,75.79,15.49,306.21,128.64,22.44,7278.0,25400.0
2021-03-26,21050.0,106.42,77.62,15.13,314.0,132.99,22.36,7211.0,25400.0
2021-03-29,20800.0,105.02,75.02,14.77,316.16,133.49,21.46,7178.0,24900.0
2021-03-30,20400.0,107.17,75.66,15.24,317.09,132.95,21.71,7111.0,25500.0
2021-03-31,20300.0,112.44,77.3,15.64,306.71,132.89,22.16,7612.0,25900.0
2021-04-01,20400.0,112.09,78.52,16.3,301.07,132.53,21.97,7579.0,25950.0
2021-04-02,20500.0,,,,,,,7812.0,26500.0
2021-04-05,20650.0,109.09,79.76,16.15,298.75,135.12,22.97,7946.0,26250.0
2021-04-06,20650.0,115.38,82.2,16.34,308.52,137.16,23.26,8013.0,26200.0
2021-04-07,21450.0,115.2,81.48,16.16,306.04,136.54,22.83,7812.0,26350.0
2021-04-08,21900.0,123.62,86.22,17.23,312.56,133.68,22.75,7745.0,26350.0
2021-04-09,21800.0,118.6,85.74,16.58,318.12,135.45,23.0,7779.0,26550.0
2021-04-12,21800.0,118.97,85.5,16.39,323.87,136.64,22.98,7946.0,26500.0
2021-04-13,22100.0,122.36,86.5,17.2,324.0,133.54,22.29,7912.0,26350.0
2021-04-14,22350.0,117.8,85.24,17.17,323.0,132.26,22.16,7979.0,26600.0
2021-04-15,22250.0,119.9,86.84,17.59,325.83,133.67,22.01,8280.0,26400.0
2021-04-16,22150.0,116.21,88.3,16.62,324.1,134.31,22.05,8313.0,26200.0
2021-04-19,21900.0,107.75,86.8,16.52,322.27,132.57,21.69,8013.0,26050.0
2021-04-20,21800.0,106.5,84.06,16.05,316.29,127.11,21.23,8113.0,26100.0
2021-04-21,21700.0,99.93,86.59,15.82,326.68,129.9,22.37,7846.0,26150.0
2021-04-22,21300.0,101.49,84.98,15.98,338.75,129.18,22.68,8013.0,26400.0
2021-04-23,21500.0,101.07,83.81,16.05,340.98,130.19,23.03,7912.0,26400.0
2021-04-26,21450.0,103.27,84.69,17.02,337.8,131.6,23.52,8013.0,26150.0
2021-04-27,20850.0,102.34,85.06,17.54,339.28,132.11,24.19,7846.0,26150.0
2021-04-28,20950.0,103.22,84.47,17.3,338.06,130.71,24.03,7645.0,25700.0
2021-04-29,20550.0,98.9,83.93,16.63,342.9,133.26,24.41,7512.0,25500.0
2021-04-30,20500.0,98.35,83.99,16.76,335.27,132.62,24.31,7679.0,25150.0
2021-05-03,20500.0,95.84,82.5,17.23,335.38,133.03,24.17,7846.0,25350.0
2021-05-04,20550.0,96.7,81.61,17.27,324.9,131.55,23.88,7946.0,25150.0
2021-05-05,,82.62,81.39,16.96,322.09,132.21,25.53,,
2021-05-06,21650.0,83.78,80.58,17.32,321.28,133.49,24.7,8079.0,25350.0
2021-05-07,21700.0,83.81,77.14,16.91,330.24,137.81,24.47,8113.0,25500.0
2021-05-10,21800.0,87.49,78.23,15.88,324.26,136.4,23.19,8313.0,25850.0
2021-05-11,22100.0,91.01,77.12,17.45,322.04,137.12,23.04,8447.0,27000.0
2021-05-12,26000.0,89.35,73.19,16.17,305.21,133.39,22.03,8480.0,26900.0
2021-05-13,25350.0,95.29,76.55,16.52,307.93,133.61,22.04,8380.0,26650.0
2021-05-14,25650.0,96.58,79.06,17.42,314.65,135.93,22.78,8179.0,27750.0
2021-05-17,26350.0,92.29,78.94,17.55,314.54,136.41,23.18,7979.0,27000.0
2021-05-18,26450.0,95.19,78.61,18.02,312.03,135.56,22.65,8013.0,26750.0
2021-05-19,,96.55,76.71,18.26,310.31,132.96,21.92,,
2021-05-20,26800.0,100.46,77.57,17.92,319.17,133.27,21.69,8146.0,25900.0
2021-05-21,26900.0,100.9,77.53,17.53,313.2,132.66,21.45,8013.0,25600.0
2021-05-24,27300.0,101.16,78.46,17.11,318.19,134.06,21.29,7979.0,25350.0
2021-05-25,28150.0,99.44,79.0,16.68,324.11,134.32,21.39,8213.0,26200.0
2021-05-26,29200.0,109.56,80.24,17.82,329.76,136.89,22.17,7912.0,26750.0
2021-05-27,29400.0,112.6,79.67,18.37,328.11,136.56,22.87,7912.0,26850.0
2021-05-28,29200.0,110.31,78.77,18.01,323.13,136.46,22.58,7979.0,26500.0
2021-05-31,29850.0,,,,,,,7979.0,26250.0
2021-06-01,29700.0,108.89,77.63,17.67,318.62,134.51,23.05,8013.0,26450.0
2021-06-02,30000.0,108.55,76.24,17.46,320.78,134.17,22.7,7979.0,26400.0
2021-06-03,28900.0,103.1,75.2,16.87,317.36,134.17,22.15,8246.0,26400.0
2021-06-04,28700.0,103.01,75.4,16.76,329.52,133.74,21.72,8179.0,26300.0
2021-06-07,29900.0,109.79,74.81,17.34,331.61,133.95,22.07,8113.0,25850.0
2021-06-08,29900.0,109.69,76.73,17.59,331.0,133.35,22.21,8013.0,25700.0
2021-06-09,29250.0,106.97,76.2,17.39,327.22,131.84,21.4,7912.0,26050.0
2021-06-10,30800.0,106.08,75.89,16.57,329.8,130.98,21.07,8079.0,26050.0
2021-06-11,30200.0,113.12,75.16,16.95,338.3,131.94,21.49,8046.0,25850.0
2021-06-14,29300.0,112.09,75.83,16.53,337.62,131.36,20.76,8079.0,25700.0
2021-06-15,29250.0,106.11,74.58,16.49,335.19,130.29,20.79,8013.0,25850.0
2021-06-16,28400.0,105.07,73.02,16.27,337.26,130.4,20.7,8280.0,26050.0
2021-06-17,30400.0,108.81,74.22,16.05,349.4,128.92,20.08,8313.0,25950.0
2021-06-18,31350.0,109.12,74.37,15.67,347.57,128.41,19.8,8246.0,25900.0
2021-06-21,31100.0,108.11,76.12,15.75,352.29,130.08,20.16,8079.0,25550.0
2021-06-22,31550.0,117.17,77.07,15.64,359.11,132.48,20.3,8113.0,25600.0
2021-06-23,31150.0,117.48,77.89,15.75,359.4,133.1,21.06,8079.0,25850.0
2021-06-24,31200.0,121.85,76.87,16.43,361.91,133.6,21.24,8013.0,25700.0
2021-06-25,30450.0,121.49,78.12,16.42,363.69,154.35,21.69,8046.0,25900.0
2021-06-28,30500.0,126.92,75.12,16.54,363.79,152.36,20.99,8547.0,26150.0
2021-06-29,30600.0,125.68,74.65,17.11,366.66,155.95,21.07,8480.0,26100.0
2021-06-30,30200.0,124.02,75.25,16.85,364.97,154.49,21.15,8380.0,26600.0
2021-07-01,30700.0,122.16,75.42,16.37,364.23,158.0,21.3,9548.0,26650.0
2021-07-02,30550.0,121.6,74.5,16.06,368.47,159.74,21.25,9548.0,26500.0
2021-07-05,30600.0,,,,,,,9682.0,27250.0
2021-07-06,30300.0,123.69,74.02,16.52,371.37,160.11,21.07,10016.0,27550.0
2021-07-07,30500.0,123.51,72.91,15.88,377.82,160.16,20.68,10082.0,27500.0
2021-07-08,29600.0,124.06,72.41,15.6,373.53,160.63,20.44,9515.0,27450.0
2021-07-09,29750.0,117.84,73.86,15.67,377.42,161.0,21.34,9214.0,26450.0
2021-07-12,30150.0,120.31,73.8,15.48,368.91,161.82,21.21,9248.0,26750.0
2021-07-13,30350.0,119.85,73.44,14.95,370.77,161.59,20.65,9348.0,27200.0
2021-07-14,32200.0,113.36,72.91,14.45,376.99,161.54,20.55,9281.0,27250.0
2021-07-15,32500.0,111.19,73.56,14.47,376.17,161.69,20.08,9248.0,26700.0
2021-07-16,32300.0,110.54,73.35,14.04,371.69,159.85,19.26,9148.0,26650.0
2021-07-19,31850.0,118.43,69.41,14.8,373.04,157.87,18.9,8881.0,27200.0
2021-07-20,31750.0,126.35,71.74,15.6,383.3,159.74,19.67,8714.0,27600.0
2021-07-21,30000.0,126.43,72.98,15.89,383.62,161.08,20.47,8714.0,29500.0
2021-07-22,29450.0,119.67,73.82,15.8,395.85,163.68,20.23,8780.0,29600.0
2021-07-23,29300.0,121.55,75.4,15.44,402.79,166.36,20.5,8981.0,30450.0
2021-07-26,29300.0,122.68,76.1,15.43,395.44,165.09,20.49,8814.0,32250.0
2021-07-27,29500.0,121.36,75.31,15.66,391.43,164.57,20.34,8981.0,33700.0
2021-07-28,29500.0,121.92,75.97,14.9,393.09,165.46,20.16,9014.0,34000.0
2021-07-29,29500.0,118.1,75.94,14.7,402.87,166.99,20.43,9181.0,34850.0
2021-07-30,29100.0,118.05,75.23,14.45,400.17,167.51,20.45,9047.0,36200.0
2021-08-02,29100.0,120.69,74.37,14.56,402.65,168.75,21.11,9047.0,33900.0
2021-08-03,28800.0,119.27,73.45,14.42,407.51,171.23,22.7,9014.0,35650.0
2021-08-04,30100.0,120.93,72.7,14.13,410.47,171.91,23.81,9348.0,36600.0
2021-08-05,30200.0,120.22,76.03,14.47,414.39,173.85,24.81,9648.0,36550.0
2021-08-06,30150.0,112.69,75.59,14.19,408.52,172.8,25.0,9749.0,37900.0
2021-08-09,29550.0,116.58,74.26,14.33,407.64,171.77,25.02,9548.0,36650.0
2021-08-10,30700.0,113.84,75.09,13.56,405.87,172.27,25.61,9381.0,47600.0
2021-08-11,28700.0,112.95,75.91,13.63,408.82,171.27,25.77,9882.0,43300.0
2021-08-12,30100.0,112.64,75.87,13.35,408.91,170.64,25.77,9815.0,40000.0
2021-08-13,31000.0,110.88,75.08,12.35,408.72,171.69,25.45,10082.0,39850.0
2021-08-16,,110.0,75.64,12.12,407.42,172.36,24.99,,
2021-08-17,30100.0,113.25,73.04,12.05,392.48,170.66,23.5,10049.0,36500.0
2021-08-18,30800.0,110.65,71.54,11.91,391.38,168.81,23.31,10082.0,37850.0
2021-08-19,29900.0,107.8,68.99,11.61,396.49,165.59,22.61,9348.0,35900.0
2021-08-20,28300.0,108.07,70.13,11.77,397.83,167.79,23.45,9281.0,37000.0
2021-08-23,28700.0,106.59,73.71,11.4,404.36,169.72,23.66,9448.0,37700.0
2021-08-24,29450.0,113.71,77.51,12.35,405.8,169.98,24.16,9682.0,40800.0
2021-08-25,29500.0,116.25,79.36,12.4,408.32,169.84,24.13,10249.0,40600.0
2021-08-26,29100.0,114.09,80.0,12.13,404.44,166.92,23.66,11017.0,41550.0
2021-08-27,29750.0,104.34,82.13,11.65,405.97,167.58,24.12,10950.0,44000.0
2021-08-30,29700.0,101.48,81.57,11.77,414.52,168.03,24.12,10650.0,44150.0
2021-08-31,29500.0,100.19,81.3,11.4,400.17,164.74,23.14,10600.0,42250.0
2021-09-01,28700.0,100.04,79.84,11.2,395.53,164.56,23.15,10650.0,42700.0
2021-09-02,29250.0,101.0,78.5,11.14,388.37,163.67,23.07,11250.0,42250.0
2021-09-03,29150.0,98.56,76.48,11.01,388.33,163.29,23.15,11150.0,43650.0
2021-09-06,29100.0,,,,,,,11100.0,44250.0
2021-09-07,28800.0,96.48,77.62,10.73,386.46,162.64,22.63,11200.0,44800.0
2021-09-08,28600.0,97.5,77.0,10.34,380.85,160.71,22.2,11150.0,43200.0
2021-09-09,28600.0,107.08,78.69,10.74,420.71,163.34,23.16,11550.0,44350.0
2021-09-10,28500.0,114.39,77.33,10.79,425.58,163.59,22.87,12300.0,44750.0
2021-09-13,27850.0,111.51,78.22,10.68,425.12,159.52,21.92,11600.0,45500.0
2021-09-14,28100.0,108.5,78.85,10.44,420.5,158.76,21.41,11600.0,44850.0
2021-09-15,27800.0,105.56,78.34,10.61,418.95,157.91,21.46,11250.0,44950.0
2021-09-16,27600.0,104.92,78.77,10.62,426.44,157.6,21.38,11450.0,43800.0
2021-09-17,28350.0,103.42,78.41,10.67,426.55,156.42,21.07,11700.0,42800.0
2021-09-20,,100.73,77.29,10.22,419.53,154.25,20.45,,
2021-09-21,,100.92,76.28,10.18,424.19,155.02,20.5,,
2021-09-22,,94.55,78.61,10.03,431.18,157.44,20.76,,
2021-09-23,27600.0,94.38,79.47,9.98,431.91,159.58,21.43,11050.0,40500.0
2021-09-24,27200.0,92.64,81.48,9.73,432.61,149.59,21.5,10800.0,41450.0
2021-09-27,26150.0,92.07,80.49,10.23,430.72,148.04,21.24,10500.0,40850.0
2021-09-28,25700.0,87.8,79.75,9.79,414.54,145.3,21.2,10550.0,40300.0
2021-09-29,25350.0,85.4,78.57,9.6,410.22,146.02,20.72,10600.0,40500.0
2021-09-30,25500.0,87.05,78.55,9.31,404.7,145.23,20.18,10550.0,40100.0
2021-10-01,24950.0,86.71,83.09,9.49,401.37,147.06,20.79,10200.0,40000.0
2021-10-04,,82.35,81.84,9.19,392.57,147.14,20.74,,
2021-10-05,24600.0,82.56,81.45,9.21,397.12,149.46,21.05,10100.0,40900.0
2021-10-06,23300.0,83.76,80.07,9.31,398.13,148.8,20.62,9780.0,40050.0
2021-10-07,24800.0,87.74,79.71,9.66,399.72,151.85,21.11,10000.0,40850.0
2021-10-08,24700.0,86.11,79.32,9.28,397.22,152.48,20.44,10000.0,40800.0
2021-10-11,,84.87,79.61,9.1,386.04,150.28,19.99,,
2021-10-12,24850.0,86.65,80.25,9.22,384.57,153.35,20.34,10400.0,40950.0
2021-10-13,25600.0,86.71,79.32,9.29,400.71,156.3,20.45,10850.0,41400.0
2021-10-14,26300.0,85.85,82.13,9.1,406.99,157.14,20.51,11300.0,42150.0
2021-10-15,26800.0,85.11,81.03,9.35,403.51,158.01,20.51,11250.0,43100.0
2021-10-18,26950.0,87.65,80.81,9.6,417.38,159.43,20.53,10800.0,43050.0
2021-10-19,26900.0,88.19,81.15,9.9,416.64,157.82,20.38,10800.0,43950.0
2021-10-20,27350.0,90.65,77.1,9.74,414.4,158.45,20.2,10550.0,42450.0
2021-10-21,27200.0,94.83,79.45,11.2,424.04,162.18,20.93,10600.0,40350.0
2021-10-22,27500.0,93.83,79.0,10.34,421.73,163.48,20.68,10500.0,40300.0
2021-10-25,27800.0,96.6,79.0,10.64,427.94,164.22,21.36,10800.0,40350.0
2021-10-26,27300.0,93.46,80.08,10.39,432.73,163.79,21.55,10600.0,40400.0
2021-10-27,27000.0,88.45,79.76,10.14,433.7,162.35,21.72,10800.0,40350.0
2021-10-28,27000.0,90.31,79.12,10.15,443.46,164.46,22.13,11200.0,39950.0
2021-10-29,27150.0,91.44,79.55,10.23,466.01,167.29,21.96,10900.0,40100.0
2021-11-01,26950.0,92.83,82.88,10.68,458.88,166.33,21.98,10700.0,40500.0
2021-11-02,27150.0,89.37,82.47,10.74,464.64,167.83,25.6,10450.0,40500.0
2021-11-03,27000.0,89.9,82.61,11.2,467.48,172.5,26.54,10100.0,40400.0
2021-11-04,27350.0,86.06,92.25,10.82,473.94,175.44,25.93,9860.0,39500.0
2021-11-05,27000.0,55.64,95.73,10.35,467.91,177.51,25.02,9880.0,37400.0
2021-11-08,27000.0,51.25,95.91,9.65,466.14,171.85,24.74,9680.0,37750.0
2021-11-09,26850.0,50.13,94.51,9.44,470.24,173.82,24.75,9750.0,38300.0
2021-11-10,26800.0,48.95,91.4,8.46,457.36,168.26,24.74,9370.0,37150.0
2021-11-11,26850.0,50.52,90.41,8.78,453.0,166.97,24.78,9330.0,36050.0
2021-11-12,27000.0,49.22,92.28,8.47,452.59,169.09,25.02,9650.0,36350.0
2021-11-15,26200.0,47.49,92.27,8.3,461.96,168.85,25.84,9520.0,35300.0
2021-11-16,25750.0,54.85,92.0,8.38,477.91,171.83,26.57,9450.0,34600.0
2021-11-17,25350.0,51.13,91.8,7.93,465.84,171.74,26.27,9520.0,32600.0
2021-11-18,24200.0,48.4,91.03,7.56,473.24,171.35,26.83,9330.0,33400.0
2021-11-19,24300.0,47.14,90.04,7.42,473.0,174.88,26.96,9280.0,33750.0
2021-11-22,24000.0,44.08,88.99,7.25,460.93,174.24,25.36,9570.0,31800.0
2021-11-23,24400.0,42.97,89.79,7.15,458.76,172.15,24.8,9530.0,31800.0
2021-11-24,24050.0,43.92,90.46,7.11,457.86,172.03,24.9,9520.0,31850.0
2021-11-25,24700.0,,,,,,,9360.0,30550.0
2021-11-26,23500.0,46.41,84.5,7.38,456.58,168.02,23.98,9160.0,29850.0
2021-11-29,22500.0,44.39,85.02,7.09,463.26,169.87,24.39,8850.0,29900.0
2021-11-30,22100.0,44.0,81.69,6.85,454.41,169.24,23.59,8740.0,29150.0
2021-12-01,22600.0,42.25,78.71,6.47,448.43,166.7,22.89,8910.0,29700.0
2021-12-02,22600.0,44.45,82.14,6.87,450.68,170.0,23.5,8920.0,28900.0
2021-12-03,22850.0,43.55,80.6,7.02,435.72,170.24,23.47,9250.0,30900.0
2021-12-06,22900.0,42.49,84.46,7.0,423.54,168.91,23.98,9260.0,30500.0
2021-12-07,23000.0,41.78,86.09,7.24,434.95,171.29,24.45,9490.0,31700.0
2021-12-08,22950.0,45.91,89.13,7.32,426.0,170.25,24.25,9390.0,32200.0
2021-12-09,23550.0,40.7,87.82,7.16,416.92,168.1,23.88,9380.0,32650.0
2021-12-10,23250.0,38.51,87.91,6.79,409.58,169.06,23.61,9380.0,32800.0
2021-12-13,23600.0,41.34,85.43,6.75,403.75,166.84,22.6,9410.0,32500.0
2021-12-14,22850.0,39.26,86.1,6.54,395.09,165.4,22.25,9220.0,32850.0
2021-12-15,22650.0,38.5,83.7,6.51,402.48,163.9,22.37,9110.0,32650.0
2021-12-16,23050.0,39.81,81.1,6.48,390.62,162.72,21.37,9320.0,32300.0
2021-12-17,22900.0,42.45,82.13,6.71,384.66,161.36,20.9,9180.0,32550.0
2021-12-20,22450.0,38.7,81.42,6.2,370.57,156.98,19.94,9120.0,32650.0
2021-12-21,22550.0,39.19,86.19,6.33,383.31,166.63,20.5,9000.0,32450.0
2021-12-22,22200.0,37.78,89.31,6.31,388.79,165.44,20.36,9050.0,33400.0
2021-12-23,22700.0,38.59,90.97,6.26,391.56,165.67,20.62,9050.0,34450.0
2021-12-24,23150.0,,,,,,,9300.0,32950.0
2021-12-27,22800.0,36.71,91.98,6.18,400.75,167.58,20.9,9310.0,32300.0
2021-12-28,22600.0,35.13,91.32,6.08,400.07,166.42,20.93,9400.0,31550.0
2021-12-29,23400.0,34.56,90.86,6.17,401.0,168.78,21.08,9440.0,31200.0
2021-12-30,23150.0,37.19,91.33,6.54,398.69,167.49,21.04,9700.0,31800.0
2021-12-31,,35.76,90.58,6.13,391.45,166.67,21.19,,
2022-01-03,23650.0,35.2,92.04,6.33,387.56,164.67,21.24,9690.0,31900.0
2022-01-04,23200.0,33.82,94.59,6.2,380.82,166.39,21.48,9720.0,31800.0
2022-01-05,22700.0,32.23,90.79,5.94,362.48,162.25,20.71,9550.0,31500.0
2022-01-06,22350.0,33.86,90.57,5.83,368.77,161.04,20.83,9460.0,31200.0
2022-01-07,22700.0,35.58,91.26,5.95,355.21,156.97,19.85,9450.0,31000.0
2022-01-10,22700.0,34.37,88.58,5.96,348.43,150.44,19.54,9300.0,30300.0
2022-01-11,22450.0,36.56,93.12,5.81,346.75,150.3,19.47,9100.0,30350.0
2022-01-12,23250.0,34.49,92.62,5.84,352.72,152.21,19.59,9070.0,31400.0
2022-01-13,22650.0,32.15,89.62,5.76,336.27,149.59,19.3,8940.0,31400.0
2022-01-14,22800.0,31.33,86.78,5.73,328.98,148.18,18.86,8900.0,30950.0
2022-01-17,22700.0,,,,,,,8830.0,31200.0
2022-01-18,22050.0,30.23,84.42,5.61,332.53,146.95,18.81,8810.0,31200.0
2022-01-19,22200.0,31.84,82.36,5.52,330.95,145.11,18.8,8650.0,30400.0
2022-01-20,22100.0,24.22,83.06,5.06,322.53,142.73,18.51,9070.0,30500.0
2022-01-21,20850.0,27.06,83.85,4.97,313.02,142.95,18.77,8960.0,30700.0
2022-01-24,20650.0,29.71,85.3,4.95,321.62,146.0,19.33,8710.0,29300.0
2022-01-25,20400.0,26.53,82.75,5.4,308.83,145.48,18.6,8440.0,27400.0
2022-01-26,20500.0,24.75,80.86,5.3,302.76,143.99,18.14,8330.0,27350.0
2022-01-27,20550.0,23.97,81.23,4.87,306.52,144.64,18.13,8280.0,25700.0
2022-01-28,20550.0,25.64,84.64,5.05,315.91,145.91,18.26,8110.0,26700.0
2022-01-31,,27.33,88.64,5.1,333.76,148.07,18.83,,
2022-02-01,,28.02,89.24,5.0,344.91,148.22,19.08,,
2022-02-02,,26.7,88.44,4.84,349.19,148.71,19.59,,
2022-02-03,21200.0,24.25,85.56,4.57,330.35,145.31,19.18,8430.0,27350.0
2022-02-04,21750.0,24.6,86.92,4.67,336.37,145.39,19.57,8600.0,26750.0
2022-02-07,21850.0,29.75,88.39,4.81,332.2,145.14,19.56,8630.0,26100.0
2022-02-08,21550.0,37.27,93.36,5.43,334.4,143.53,19.89,8900.0,26800.0
2022-02-09,22750.0,38.77,93.72,5.77,339.64,146.26,20.35,9060.0,26500.0
2022-02-10,22450.0,37.46,94.76,5.34,334.35,144.82,20.01,9050.0,25600.0
2022-02-11,22550.0,34.68,92.27,5.58,316.72,140.18,17.51,8900.0,25350.0
2022-02-14,22050.0,32.83,92.13,5.15,313.64,141.59,17.19,8230.0,24050.0
2022-02-15,21300.0,33.25,95.52,5.32,318.15,145.58,17.76,7980.0,24300.0
2022-02-16,21650.0,32.05,95.82,5.26,320.04,146.49,17.25,8050.0,24750.0
2022-02-17,22000.0,30.59,92.87,5.09,310.03,142.8,16.53,8060.0,25100.0
2022-02-18,21950.0,29.63,92.65,5.11,308.66,142.95,16.54,8030.0,25150.0
2022-02-21,22650.0,,,,,,,8050.0,25450.0
2022-02-22,22050.0,28.55,91.2,4.89,304.58,138.19,16.15,7940.0,25050.0
2022-02-23,22500.0,27.0,89.62,4.56,295.24,136.83,15.79,8290.0,25700.0
2022-02-24,22500.0,28.3,89.25,4.88,310.36,137.17,17.1,8180.0,24400.0
2022-02-25,24900.0,28.19,86.02,4.94,317.58,138.8,17.76,8270.0,24800.0
2022-02-28,24700.0,29.06,84.63,4.87,319.94,136.55,17.89,8190.0,24900.0
2022-03-01,,27.62,81.8,4.85,315.18,132.22,17.24,,
2022-03-02,24800.0,26.73,84.94,4.98,330.07,135.68,17.32,8230.0,25500.0
2022-03-03,25500.0,24.52,81.48,4.72,322.84,133.97,16.45,8320.0,25250.0
2022-03-04,26000.0,23.49,79.43,4.58,320.58,131.18,15.26,8280.0,25100.0
2022-03-07,25400.0,22.52,73.94,4.64,302.38,124.44,13.83,8170.0,24800.0
2022-03-08,25350.0,22.55,78.41,4.52,296.52,121.21,14.19,8000.0,23300.0
2022-03-09,,23.44,80.44,4.81,305.82,126.95,15.26,,
2022-03-10,25750.0,22.61,83.14,4.54,301.74,126.03,15.29,7990.0,23750.0
2022-03-11,25650.0,21.14,81.87,4.34,291.55,122.63,15.37,7990.0,23650.0
2022-03-14,25100.0,20.2,81.03,4.1,289.24,117.57,15.73,7840.0,22800.0
2022-03-15,25100.0,22.61,83.04,4.25,289.92,119.4,16.12,7800.0,23400.0
2022-03-16,25450.0,23.31,86.58,4.31,305.1,125.19,16.99,7890.0,23200.0
2022-03-17,25400.0,24.7,86.59,4.26,307.6,127.41,17.16,8000.0,23750.0
2022-03-18,26700.0,26.62,86.43,4.44,316.93,131.24,17.5,8000.0,23950.0
2022-03-21,25950.0,26.25,84.73,4.28,308.22,130.19,17.12,8050.0,24050.0
2022-03-22,26300.0,27.53,84.77,4.5,315.03,133.09,17.13,8050.0,24200.0
2022-03-23,26650.0,28.71,84.5,4.35,310.42,133.0,16.95,8050.0,24600.0
2022-03-24,26950.0,28.94,84.13,4.09,317.74,132.08,17.27,8020.0,25600.0
2022-03-25,27900.0,28.42,85.12,4.03,321.14,133.7,17.42,7990.0,26000.0
2022-03-28,27200.0,28.07,84.84,3.98,331.78,134.81,17.43,7930.0,26350.0
2022-03-29,27450.0,30.89,86.52,4.31,343.97,139.14,18.03,8580.0,26200.0
2022-03-30,27850.0,28.44,85.0,4.16,376.92,138.54,17.66,8660.0,26450.0
2022-03-31,28000.0,26.42,84.48,4.12,365.23,134.56,17.02,9350.0,28450.0
2022-04-01,28900.0,26.31,84.69,4.15,367.44,133.52,16.77,8980.0,27800.0
2022-04-04,28650.0,27.81,84.39,4.08,384.18,134.34,16.96,9470.0,27800.0
2022-04-05,28300.0,,,,,,,9370.0,28350.0
